,Time,Driver,DriverNumber,LapTime,LapNumber,Stint,PitOutTime,PitInTime,Sector1Time,Sector2Time,Sector3Time,Sector1SessionTime,Sector2SessionTime,Sector3SessionTime,SpeedI1,SpeedI2,SpeedFL,SpeedST,IsPersonalBest,Compound,TyreLife,FreshTyre,Team,LapStartTime,LapStartDate,TrackStatus,Position,Deleted,DeletedReason,FastF1Generated,IsAccurate,LapTime_in_seconds,laptime_sum_sectortimes
0,0 days 00:21:27.461000,BOT,77,,1.0,1.0,0 days 00:19:11.123000,,,59.717,36.78,,0 days 00:20:50.726000,0 days 00:21:27.715000,200.0,178.0,251.0,219.0,False,SOFT,1.0,True,Mercedes,0 days 00:19:11.123000,2020-08-08 13:04:11.161,1,,False,,False,False,,
1,0 days 00:22:54.636000,BOT,77,0 days 00:01:27.175000,2.0,1.0,,,27.9,35.589,23.686,0 days 00:21:55.361000,0 days 00:22:30.950000,0 days 00:22:54.636000,311.0,272.0,250.0,328.0,True,SOFT,2.0,True,Mercedes,0 days 00:21:27.461000,2020-08-08 13:06:27.499,1,,False,,False,True,87.175,87.175
2,0 days 00:25:18.729000,BOT,77,0 days 00:02:24.093000,3.0,1.0,,,36.893,59.769,47.431,0 days 00:23:31.529000,0 days 00:24:31.298000,0 days 00:25:18.729000,199.0,175.0,255.0,139.0,False,SOFT,3.0,True,Mercedes,0 days 00:22:54.636000,2020-08-08 13:07:54.674,1,,False,,False,True,144.093,144.09300000000002
3,0 days 00:26:45.728000,BOT,77,0 days 00:01:26.999000,4.0,1.0,,,27.752,35.382,23.865,0 days 00:25:46.481000,0 days 00:26:21.863000,0 days 00:26:45.728000,313.0,270.0,250.0,330.0,True,SOFT,4.0,True,Mercedes,0 days 00:25:18.729000,2020-08-08 13:10:18.767,1,,False,,False,True,86.999,86.999
4,0 days 00:28:31.537000,BOT,77,0 days 00:01:45.809000,5.0,1.0,,0 days 00:28:25.635000,33.836,43.828,28.145,0 days 00:27:19.564000,0 days 00:28:03.392000,0 days 00:28:31.537000,223.0,248.0,,279.0,False,SOFT,5.0,True,Mercedes,0 days 00:26:45.728000,2020-08-08 13:11:45.766,1,,False,,False,False,105.809,105.809
5,0 days 00:32:46.317000,BOT,77,,6.0,2.0,0 days 00:30:42.912000,,,52.669,37.581,,0 days 00:32:08.790000,0 days 00:32:46.566000,240.0,194.0,253.0,173.0,False,SOFT,6.0,False,Mercedes,0 days 00:28:31.537000,2020-08-08 13:13:31.575,1,,False,,False,False,,
6,0 days 00:34:13.055000,BOT,77,0 days 00:01:26.738000,7.0,2.0,,,27.765,35.239,23.734,0 days 00:33:14.082000,0 days 00:33:49.321000,0 days 00:34:13.055000,313.0,273.0,251.0,329.0,True,SOFT,7.0,False,Mercedes,0 days 00:32:46.317000,2020-08-08 13:17:46.355,1,,False,,False,True,86.738,86.738
7,0 days 00:35:59.260000,BOT,77,0 days 00:01:46.205000,8.0,2.0,,0 days 00:35:53.371000,33.746,43.109,29.35,0 days 00:34:46.801000,0 days 00:35:29.910000,0 days 00:35:59.260000,231.0,223.0,,233.0,False,SOFT,8.0,False,Mercedes,0 days 00:34:13.055000,2020-08-08 13:19:13.093,1,,False,,False,False,106.205,106.20500000000001
8,0 days 00:43:23.176000,BOT,77,,9.0,3.0,0 days 00:41:17.667000,,,55.698,35.479,,0 days 00:42:47.710000,0 days 00:43:23.194000,228.0,177.0,253.0,200.0,False,MEDIUM,1.0,True,Mercedes,0 days 00:35:59.260000,2020-08-08 13:20:59.298,1,,False,,False,False,,
9,0 days 00:44:48.961000,BOT,77,0 days 00:01:25.785000,10.0,3.0,,,27.657,34.755,23.373,0 days 00:43:50.833000,0 days 00:44:25.588000,0 days 00:44:48.961000,316.0,277.0,254.0,330.0,True,MEDIUM,2.0,True,Mercedes,0 days 00:43:23.176000,2020-08-08 13:28:23.214,1,,False,,False,True,85.785,85.78500000000001
10,0 days 00:46:42.530000,BOT,77,0 days 00:01:53.569000,11.0,3.0,,0 days 00:46:36.472000,36.162,48.563,28.844,0 days 00:45:25.123000,0 days 00:46:13.686000,0 days 00:46:42.530000,231.0,213.0,,263.0,False,MEDIUM,3.0,True,Mercedes,0 days 00:44:48.961000,2020-08-08 13:29:48.999,1,,False,,False,False,113.569,113.56899999999999
11,0 days 00:54:20.720000,BOT,77,,12.0,4.0,0 days 00:51:55.846000,,,57.136,49.089,,0 days 00:53:31.697000,0 days 00:54:20.729000,211.0,164.0,256.0,110.0,False,SOFT,1.0,True,Mercedes,0 days 00:46:42.530000,2020-08-08 13:31:42.568,1,,False,,False,False,,
12,0 days 00:55:48.120000,BOT,77,0 days 00:01:27.400000,13.0,4.0,,,27.494,34.715,25.191,0 days 00:54:48.214000,0 days 00:55:22.929000,0 days 00:55:48.120000,317.0,274.0,204.0,332.0,False,SOFT,2.0,True,Mercedes,0 days 00:54:20.720000,2020-08-08 13:39:20.758,1,,False,,False,True,87.4,87.4
13,0 days 00:57:39.439000,BOT,77,0 days 00:01:51.319000,14.0,4.0,,0 days 00:57:33.439000,35.034,47.18,29.105,0 days 00:56:23.154000,0 days 00:57:10.334000,0 days 00:57:39.439000,239.0,219.0,,307.0,False,SOFT,3.0,True,Mercedes,0 days 00:55:48.120000,2020-08-08 13:40:48.158,1,,False,,False,False,111.319,111.319
14,0 days 01:05:41.806000,BOT,77,,15.0,5.0,0 days 01:03:32.941000,,,55.31,38.255,,0 days 01:05:03.613000,0 days 01:05:41.806000,259.0,175.0,256.0,263.0,False,SOFT,1.0,True,Mercedes,0 days 00:57:39.439000,2020-08-08 13:42:39.477,1,,False,,False,False,,
15,0 days 01:07:07.206000,BOT,77,0 days 00:01:25.400000,16.0,5.0,,,27.407,34.506,23.487,0 days 01:06:09.213000,0 days 01:06:43.719000,0 days 01:07:07.206000,318.0,273.0,250.0,328.0,True,SOFT,2.0,True,Mercedes,0 days 01:05:41.806000,2020-08-08 13:50:41.844,1,,False,,False,True,85.4,85.39999999999999
16,0 days 01:08:54.782000,BOT,77,0 days 00:01:47.576000,17.0,5.0,,0 days 01:08:48.738000,33.905,45.878,27.793,0 days 01:07:41.111000,0 days 01:08:26.989000,0 days 01:08:54.782000,233.0,231.0,,307.0,False,SOFT,3.0,True,Mercedes,0 days 01:07:07.206000,2020-08-08 13:52:07.244,1,,False,,False,False,107.576,107.576
17,0 days 01:13:26.962000,BOT,77,,18.0,6.0,0 days 01:11:33.050000,,,48.213,32.713,,0 days 01:12:54.267000,0 days 01:13:26.986000,290.0,237.0,257.0,259.0,False,MEDIUM,1.0,True,Mercedes,0 days 01:08:54.782000,2020-08-08 13:53:54.820,1,,False,,False,False,,
18,0 days 01:14:52.116000,BOT,77,0 days 00:01:25.154000,19.0,6.0,,,27.334,34.47,23.35,0 days 01:13:54.296000,0 days 01:14:28.766000,0 days 01:14:52.116000,318.0,277.0,254.0,331.0,True,MEDIUM,2.0,True,Mercedes,0 days 01:13:26.962000,2020-08-08 13:58:27.000,1,,False,,False,True,85.154,85.154
19,0 days 01:16:37.926000,BOT,77,,20.0,6.0,,0 days 01:16:37.926000,35.305,44.491,,0 days 01:15:27.567000,0 days 01:16:11.917000,,219.0,214.0,,224.0,False,MEDIUM,3.0,True,Mercedes,0 days 01:14:52.116000,2020-08-08 13:59:52.154,1,,False,,False,False,,
20,0 days 00:21:20.463000,HAM,44,,1.0,1.0,0 days 00:19:10.219000,,,58.194,32.491,,0 days 00:20:48.036000,0 days 00:21:20.717000,176.0,195.0,250.0,184.0,False,SOFT,1.0,True,Mercedes,0 days 00:19:10.219000,2020-08-08 13:04:10.257,1,,False,,False,False,,
21,0 days 00:22:47.694000,HAM,44,0 days 00:01:27.231000,2.0,1.0,,,28.001,35.387,23.843,0 days 00:21:48.464000,0 days 00:22:23.851000,0 days 00:22:47.694000,311.0,271.0,248.0,328.0,True,SOFT,2.0,True,Mercedes,0 days 00:21:20.463000,2020-08-08 13:06:20.501,1,,False,,False,True,87.231,87.23100000000001
22,0 days 00:25:11.965000,HAM,44,0 days 00:02:24.271000,3.0,1.0,,,32.724,66.801,44.746,0 days 00:23:20.418000,0 days 00:24:27.219000,0 days 00:25:11.965000,259.0,217.0,256.0,214.0,False,SOFT,3.0,True,Mercedes,0 days 00:22:47.694000,2020-08-08 13:07:47.732,1,,False,,False,True,144.271,144.27100000000002
23,0 days 00:26:38.783000,HAM,44,0 days 00:01:26.818000,4.0,1.0,,,27.762,35.296,23.76,0 days 00:25:39.727000,0 days 00:26:15.023000,0 days 00:26:38.783000,316.0,273.0,252.0,332.0,True,SOFT,4.0,True,Mercedes,0 days 00:25:11.965000,2020-08-08 13:10:12.003,1,,False,,False,True,86.818,86.818
24,0 days 00:28:20.128000,HAM,44,0 days 00:01:41.345000,5.0,1.0,,0 days 00:28:14.208000,31.84,41.683,27.822,0 days 00:27:10.623000,0 days 00:27:52.306000,0 days 00:28:20.128000,275.0,245.0,,235.0,False,SOFT,5.0,True,Mercedes,0 days 00:26:38.783000,2020-08-08 13:11:38.821,1,,False,,False,False,101.345,101.345
25,0 days 00:32:38.623000,HAM,44,,6.0,2.0,0 days 00:30:19.687000,,,54.834,31.616,,0 days 00:32:07.108000,0 days 00:32:38.862000,153.0,230.0,253.0,295.0,False,SOFT,6.0,False,Mercedes,0 days 00:28:20.128000,2020-08-08 13:13:20.166,1,,False,,False,False,,
26,0 days 00:34:05.545000,HAM,44,0 days 00:01:26.922000,7.0,2.0,,,27.793,35.372,23.757,0 days 00:33:06.416000,0 days 00:33:41.788000,0 days 00:34:05.545000,313.0,272.0,250.0,331.0,False,SOFT,7.0,False,Mercedes,0 days 00:32:38.623000,2020-08-08 13:17:38.661,1,,False,,False,True,86.922,86.922
27,0 days 00:35:50.801000,HAM,44,0 days 00:01:45.256000,8.0,2.0,,0 days 00:35:44.878000,30.748,46.693,27.815,0 days 00:34:36.293000,0 days 00:35:22.986000,0 days 00:35:50.801000,246.0,241.0,,286.0,False,SOFT,8.0,False,Mercedes,0 days 00:34:05.545000,2020-08-08 13:19:05.583,1,,False,,False,False,105.256,105.256
28,0 days 00:43:15.628000,HAM,44,,9.0,3.0,0 days 00:41:15.133000,,,54.205,32.238,,0 days 00:42:43.472000,0 days 00:43:15.628000,250.0,182.0,252.0,243.0,False,MEDIUM,1.0,True,Mercedes,0 days 00:35:50.801000,2020-08-08 13:20:50.839,1,,False,,False,False,,
29,0 days 00:44:41.894000,HAM,44,0 days 00:01:26.266000,10.0,3.0,,,27.905,35.0,23.361,0 days 00:43:43.533000,0 days 00:44:18.533000,0 days 00:44:41.894000,316.0,277.0,252.0,330.0,True,MEDIUM,2.0,True,Mercedes,0 days 00:43:15.628000,2020-08-08 13:28:15.666,1,,False,,False,True,86.266,86.266
30,0 days 00:46:35.967000,HAM,44,0 days 00:01:54.073000,11.0,3.0,,0 days 00:46:27.783000,36.384,49.615,28.074,0 days 00:45:18.278000,0 days 00:46:07.893000,0 days 00:46:35.967000,244.0,244.0,,300.0,False,MEDIUM,3.0,True,Mercedes,0 days 00:44:41.894000,2020-08-08 13:29:41.932,1,,False,,False,False,114.073,114.073
31,0 days 00:54:08.548000,HAM,44,,12.0,4.0,0 days 00:51:54.389000,,,53.491,45.995,,0 days 00:53:22.603000,0 days 00:54:08.563000,205.0,230.0,254.0,166.0,False,SOFT,1.0,True,Mercedes,0 days 00:46:35.967000,2020-08-08 13:31:36.005,1,,False,,False,False,,
32,0 days 00:55:37.188000,HAM,44,0 days 00:01:28.640000,13.0,4.0,,,27.465,34.713,26.462,0 days 00:54:36.013000,0 days 00:55:10.726000,0 days 00:55:37.188000,317.0,275.0,143.0,333.0,False,SOFT,2.0,True,Mercedes,0 days 00:54:08.548000,2020-08-08 13:39:08.586,1,,False,,False,True,88.64,88.64
33,0 days 00:57:25.614000,HAM,44,0 days 00:01:48.426000,14.0,4.0,,0 days 00:57:19.238000,33.312,45.691,29.423,0 days 00:56:10.500000,0 days 00:56:56.191000,0 days 00:57:25.614000,259.0,239.0,,229.0,False,SOFT,3.0,True,Mercedes,0 days 00:55:37.188000,2020-08-08 13:40:37.226,1,,False,,False,False,108.426,108.426
34,0 days 01:05:26.755000,HAM,44,,15.0,5.0,0 days 01:03:30.734000,,,49.115,32.292,,0 days 01:04:54.561000,0 days 01:05:26.760000,274.0,241.0,256.0,307.0,False,SOFT,1.0,True,Mercedes,0 days 00:57:25.614000,2020-08-08 13:42:25.652,1,,False,,False,False,,
35,0 days 01:06:52.039000,HAM,44,0 days 00:01:25.284000,16.0,5.0,,,27.294,34.552,23.438,0 days 01:05:54.049000,0 days 01:06:28.601000,0 days 01:06:52.039000,317.0,277.0,251.0,327.0,True,SOFT,2.0,True,Mercedes,0 days 01:05:26.755000,2020-08-08 13:50:26.793,1,,False,,False,True,85.284,85.284
36,0 days 01:08:29.819000,HAM,44,0 days 00:01:37.780000,17.0,5.0,,0 days 01:08:23.790000,30.988,41.281,25.511,0 days 01:07:23.027000,0 days 01:08:04.308000,0 days 01:08:29.819000,281.0,252.0,,295.0,False,SOFT,3.0,True,Mercedes,0 days 01:06:52.039000,2020-08-08 13:51:52.077,1,,False,,False,False,97.78,97.78
37,0 days 01:13:20.027000,HAM,44,,18.0,6.0,0 days 01:11:30.650000,,,47.958,29.576,,0 days 01:12:50.489000,0 days 01:13:20.037000,285.0,229.0,256.0,277.0,False,MEDIUM,1.0,True,Mercedes,0 days 01:08:29.819000,2020-08-08 13:53:29.857,1,,False,,False,False,,
38,0 days 01:14:45.244000,HAM,44,0 days 00:01:25.217000,19.0,6.0,,,27.334,34.548,23.335,0 days 01:13:47.361000,0 days 01:14:21.909000,0 days 01:14:45.244000,317.0,278.0,250.0,328.0,True,MEDIUM,2.0,True,Mercedes,0 days 01:13:20.027000,2020-08-08 13:58:20.065,1,,False,,False,True,85.217,85.21700000000001
39,0 days 01:16:32.433000,HAM,44,,20.0,6.0,,0 days 01:16:32.433000,36.755,47.023,,0 days 01:15:21.985000,0 days 01:16:09.025000,,227.0,211.0,,244.0,False,MEDIUM,3.0,True,Mercedes,0 days 01:14:45.244000,2020-08-08 13:59:45.282,1,,False,,False,False,,
40,0 days 00:17:50.670000,HUL,27,,1.0,1.0,0 days 00:15:44.545000,,,55.276,34.884,,0 days 00:17:15.827000,0 days 00:17:50.912000,182.0,184.0,251.0,219.0,False,SOFT,1.0,True,Racing Point,0 days 00:15:44.545000,2020-08-08 13:00:44.583,1,,False,,False,False,,
41,0 days 00:19:17.949000,HUL,27,0 days 00:01:27.279000,2.0,1.0,,,27.83,35.631,23.818,0 days 00:18:18.500000,0 days 00:18:54.131000,0 days 00:19:17.949000,316.0,273.0,253.0,329.0,True,SOFT,2.0,True,Racing Point,0 days 00:17:50.670000,2020-08-08 13:02:50.708,1,,False,,False,True,87.279,87.279
42,0 days 00:21:42.628000,HUL,27,0 days 00:02:24.679000,3.0,1.0,,,45.383,57.28,42.016,0 days 00:20:03.332000,0 days 00:21:00.612000,0 days 00:21:42.628000,166.0,180.0,185.0,195.0,False,SOFT,3.0,True,Racing Point,0 days 00:19:17.949000,2020-08-08 13:04:17.987,1,,False,,False,True,144.679,144.679
43,0 days 00:23:53.889000,HUL,27,0 days 00:02:11.261000,4.0,1.0,,,40.975,56.771,33.515,0 days 00:22:23.603000,0 days 00:23:20.374000,0 days 00:23:53.889000,210.0,186.0,248.0,205.0,False,SOFT,4.0,True,Racing Point,0 days 00:21:42.628000,2020-08-08 13:06:42.666,1,,False,,False,True,131.261,131.26100000000002
44,0 days 00:25:21.237000,HUL,27,0 days 00:01:27.348000,5.0,1.0,,,27.963,35.511,23.874,0 days 00:24:21.852000,0 days 00:24:57.363000,0 days 00:25:21.237000,316.0,273.0,252.0,331.0,False,SOFT,5.0,True,Racing Point,0 days 00:23:53.889000,2020-08-08 13:08:53.927,1,,False,,False,True,87.348,87.348
45,0 days 00:27:06.886000,HUL,27,0 days 00:01:45.649000,6.0,1.0,,0 days 00:27:00.081000,32.212,43.147,30.29,0 days 00:25:53.449000,0 days 00:26:36.596000,0 days 00:27:06.886000,251.0,238.0,,269.0,False,SOFT,6.0,True,Racing Point,0 days 00:25:21.237000,2020-08-08 13:10:21.275,1,,False,,False,False,105.649,105.649
46,0 days 00:44:16.212000,HUL,27,,7.0,2.0,0 days 00:42:06.688000,,,56.807,38.486,,0 days 00:43:37.903000,0 days 00:44:16.244000,212.0,225.0,253.0,157.0,False,MEDIUM,1.0,True,Racing Point,0 days 00:27:06.886000,2020-08-08 13:12:06.924,1,,False,,False,False,,
47,0 days 00:45:43.690000,HUL,27,0 days 00:01:27.478000,8.0,2.0,,,27.597,35.333,24.548,0 days 00:44:43.809000,0 days 00:45:19.142000,0 days 00:45:43.690000,317.0,221.0,252.0,325.0,True,MEDIUM,2.0,True,Racing Point,0 days 00:44:16.212000,2020-08-08 13:29:16.250,1,,False,,False,True,87.478,87.478
48,0 days 00:47:22.665000,HUL,27,0 days 00:01:38.975000,9.0,2.0,,0 days 00:47:16.684000,32.477,40.668,25.83,0 days 00:46:16.167000,0 days 00:46:56.835000,0 days 00:47:22.665000,287.0,243.0,,301.0,False,MEDIUM,3.0,True,Racing Point,0 days 00:45:43.690000,2020-08-08 13:30:43.728,1,,False,,False,False,98.975,98.975
49,0 days 00:53:42.729000,HUL,27,,10.0,3.0,0 days 00:51:48.307000,,,49.751,31.438,,0 days 00:53:11.300000,0 days 00:53:42.738000,219.0,218.0,256.0,301.0,False,MEDIUM,1.0,True,Racing Point,0 days 00:47:22.665000,2020-08-08 13:32:22.703,1,,False,,False,False,,
50,0 days 00:55:08.990000,HUL,27,0 days 00:01:26.261000,11.0,3.0,,,27.624,34.887,23.75,0 days 00:54:10.353000,0 days 00:54:45.240000,0 days 00:55:08.990000,318.0,276.0,250.0,328.0,True,MEDIUM,2.0,True,Racing Point,0 days 00:53:42.729000,2020-08-08 13:38:42.767,1,,False,,False,True,86.261,86.261
51,0 days 00:57:01.323000,HUL,27,0 days 00:01:52.333000,12.0,3.0,,0 days 00:56:55.347000,35.313,47.157,29.863,0 days 00:55:44.303000,0 days 00:56:31.460000,0 days 00:57:01.323000,231.0,226.0,,244.0,False,MEDIUM,3.0,True,Racing Point,0 days 00:55:08.990000,2020-08-08 13:40:09.028,1,,False,,False,False,112.333,112.333
52,0 days 01:05:50.092000,HUL,27,,13.0,4.0,0 days 01:03:39.955000,,,54.936,40.393,,0 days 01:05:09.745000,0 days 01:05:50.111000,197.0,136.0,255.0,184.0,False,SOFT,1.0,True,Racing Point,0 days 00:57:01.323000,2020-08-08 13:42:01.361,1,,False,,False,False,,
53,0 days 01:07:16.508000,HUL,27,0 days 00:01:26.416000,14.0,4.0,,,27.602,34.975,23.839,0 days 01:06:17.694000,0 days 01:06:52.669000,0 days 01:07:16.508000,317.0,271.0,253.0,329.0,True,SOFT,2.0,True,Racing Point,0 days 01:05:50.092000,2020-08-08 13:50:50.130,1,,False,,False,True,86.416,86.416
54,0 days 01:09:01.569000,HUL,27,0 days 00:01:45.061000,15.0,4.0,,0 days 01:08:55.605000,32.091,44.66,28.31,0 days 01:07:48.599000,0 days 01:08:33.259000,0 days 01:09:01.569000,226.0,240.0,,245.0,False,SOFT,3.0,True,Racing Point,0 days 01:07:16.508000,2020-08-08 13:52:16.546,1,,False,,False,False,105.061,105.061
55,0 days 01:14:01.206000,HUL,27,,16.0,5.0,0 days 01:11:52.742000,,,56.416,33.793,,0 days 01:13:27.413000,0 days 01:14:01.288000,214.0,194.0,257.0,250.0,False,SOFT,1.0,True,Racing Point,0 days 01:09:01.569000,2020-08-08 13:54:01.607,1,,False,,False,False,,
56,0 days 01:15:27.288000,HUL,27,0 days 00:01:26.082000,17.0,5.0,,,27.356,35.012,23.714,0 days 01:14:28.562000,0 days 01:15:03.574000,0 days 01:15:27.288000,318.0,274.0,249.0,327.0,True,SOFT,2.0,True,Racing Point,0 days 01:14:01.206000,2020-08-08 13:59:01.244,1,,False,,False,True,86.082,86.082
57,0 days 01:17:17.313000,HUL,27,,18.0,5.0,,0 days 01:17:17.313000,36.442,47.232,,0 days 01:16:03.746000,0 days 01:16:51.011000,,166.0,208.0,,214.0,False,SOFT,3.0,True,Racing Point,0 days 01:15:27.288000,2020-08-08 14:00:27.326,1,,False,,False,False,,
58,0 days 00:21:59.086000,VER,33,,1.0,1.0,0 days 00:19:32.464000,,,70.886,39.739,,0 days 00:21:19.411000,0 days 00:21:59.344000,193.0,148.0,254.0,208.0,False,SOFT,1.0,True,Red Bull Racing,0 days 00:19:32.464000,2020-08-08 13:04:32.502,1,,False,,False,False,,
59,0 days 00:23:26.240000,VER,33,0 days 00:01:27.154000,2.0,1.0,,,27.8,35.476,23.878,0 days 00:22:26.886000,0 days 00:23:02.362000,0 days 00:23:26.240000,308.0,274.0,252.0,329.0,True,SOFT,2.0,True,Red Bull Racing,0 days 00:21:59.086000,2020-08-08 13:06:59.124,1,,False,,False,True,87.154,87.154
60,0 days 00:25:11.552000,VER,33,0 days 00:01:45.312000,3.0,1.0,,0 days 00:25:05.323000,33.323,42.789,29.2,0 days 00:23:59.563000,0 days 00:24:42.352000,0 days 00:25:11.552000,268.0,237.0,,250.0,False,SOFT,3.0,True,Red Bull Racing,0 days 00:23:26.240000,2020-08-08 13:08:26.278,1,,False,,False,False,105.312,105.312
61,0 days 00:43:28.124000,VER,33,,4.0,2.0,0 days 00:41:43.839000,,,43.111,29.458,,0 days 00:42:58.719000,0 days 00:43:28.124000,294.0,240.0,254.0,282.0,False,HARD,1.0,True,Red Bull Racing,0 days 00:25:11.552000,2020-08-08 13:10:11.590,1,,False,,False,False,,
62,0 days 00:44:54.903000,VER,33,0 days 00:01:26.779000,5.0,2.0,,,27.856,35.234,23.689,0 days 00:43:55.980000,0 days 00:44:31.214000,0 days 00:44:54.903000,309.0,275.0,252.0,327.0,True,HARD,2.0,True,Red Bull Racing,0 days 00:43:28.124000,2020-08-08 13:28:28.162,1,,False,,False,True,86.779,86.779
63,0 days 00:46:48.038000,VER,33,0 days 00:01:53.135000,6.0,2.0,,0 days 00:46:42.073000,35.668,50.089,27.378,0 days 00:45:30.571000,0 days 00:46:20.660000,0 days 00:46:48.038000,219.0,228.0,,278.0,False,HARD,3.0,True,Red Bull Racing,0 days 00:44:54.903000,2020-08-08 13:29:54.941,1,,False,,False,False,113.135,113.135
64,0 days 01:05:54.961000,VER,33,,7.0,3.0,0 days 01:04:03.169000,,,47.573,30.852,,0 days 01:05:24.161000,0 days 01:05:55.007000,231.0,236.0,255.0,240.0,False,MEDIUM,1.0,True,Red Bull Racing,0 days 00:46:48.038000,2020-08-08 13:31:48.076,1,,False,,False,False,,
65,0 days 01:07:21.393000,VER,33,0 days 00:01:26.432000,8.0,3.0,,,27.754,35.021,23.657,0 days 01:06:22.715000,0 days 01:06:57.736000,0 days 01:07:21.393000,308.0,274.0,250.0,326.0,True,MEDIUM,2.0,True,Red Bull Racing,0 days 01:05:54.961000,2020-08-08 13:50:54.999,1,,False,,False,True,86.432,86.432
66,0 days 01:09:02.437000,VER,33,0 days 00:01:41.044000,9.0,3.0,,0 days 01:08:56.469000,30.645,41.498,28.901,0 days 01:07:52.038000,0 days 01:08:33.536000,0 days 01:09:02.437000,286.0,242.0,,248.0,False,MEDIUM,3.0,True,Red Bull Racing,0 days 01:07:21.393000,2020-08-08 13:52:21.431,1,,False,,False,False,101.044,101.044
67,0 days 01:14:17.857000,VER,33,,10.0,4.0,0 days 01:12:03.616000,,,62.24,33.562,,0 days 01:13:44.310000,0 days 01:14:17.869000,182.0,196.0,257.0,223.0,False,SOFT,1.0,True,Red Bull Racing,0 days 01:09:02.437000,2020-08-08 13:54:02.475,1,,False,,False,False,,
68,0 days 01:15:44.033000,VER,33,0 days 00:01:26.176000,11.0,4.0,,,27.44,35.068,23.668,0 days 01:14:45.297000,0 days 01:15:20.365000,0 days 01:15:44.033000,309.0,275.0,247.0,326.0,True,SOFT,2.0,True,Red Bull Racing,0 days 01:14:17.857000,2020-08-08 13:59:17.895,1,,False,,False,True,86.176,86.17599999999999
69,0 days 01:17:25.504000,VER,33,,12.0,4.0,,0 days 01:17:25.504000,38.025,41.834,,0 days 01:16:22.065000,0 days 01:17:03.884000,,232.0,239.0,,271.0,False,SOFT,3.0,True,Red Bull Racing,0 days 01:15:44.033000,2020-08-08 14:00:44.071,1,,False,,False,False,,
70,0 days 00:24:48.492000,RIC,3,,1.0,1.0,0 days 00:22:31.429000,,,57.805,43.771,,0 days 00:24:04.761000,0 days 00:24:48.750000,248.0,119.0,253.0,182.0,False,SOFT,1.0,True,Renault,0 days 00:22:31.429000,2020-08-08 13:07:31.467,1,,False,,False,False,,
71,0 days 00:26:15.934000,RIC,3,0 days 00:01:27.442000,2.0,1.0,,,27.824,35.725,23.893,0 days 00:25:16.316000,0 days 00:25:52.041000,0 days 00:26:15.934000,315.0,269.0,252.0,332.0,True,SOFT,2.0,True,Renault,0 days 00:24:48.492000,2020-08-08 13:09:48.530,1,,False,,False,True,87.442,87.44200000000001
72,0 days 00:28:05.410000,RIC,3,0 days 00:01:49.476000,3.0,1.0,,0 days 00:27:59.521000,35.57,45.125,28.781,0 days 00:26:51.504000,0 days 00:27:36.629000,0 days 00:28:05.410000,253.0,239.0,,294.0,False,SOFT,3.0,True,Renault,0 days 00:26:15.934000,2020-08-08 13:11:15.972,1,,False,,False,False,109.476,109.476
73,0 days 00:33:02.897000,RIC,3,,4.0,2.0,0 days 00:31:03.105000,,,55.458,31.79,,0 days 00:32:31.107000,0 days 00:33:03.160000,267.0,218.0,253.0,298.0,False,SOFT,1.0,True,Renault,0 days 00:28:05.410000,2020-08-08 13:13:05.448,1,,False,,False,False,,
74,0 days 00:35:00.363000,RIC,3,0 days 00:01:57.466000,5.0,2.0,,0 days 00:34:54.035000,40.441,46.732,30.293,0 days 00:33:43.338000,0 days 00:34:30.070000,0 days 00:35:00.363000,243.0,212.0,,277.0,False,SOFT,2.0,True,Renault,0 days 00:33:02.897000,2020-08-08 13:18:02.935,1,,False,,False,False,117.466,117.46600000000001
75,0 days 00:43:32.278000,RIC,3,,6.0,3.0,0 days 00:41:46.349000,,,44.574,29.189,,0 days 00:43:03.182000,0 days 00:43:32.333000,274.0,251.0,255.0,295.0,False,MEDIUM,1.0,True,Renault,0 days 00:35:00.363000,2020-08-08 13:20:00.401,1,,False,,False,False,,
76,0 days 00:44:58.914000,RIC,3,0 days 00:01:26.636000,7.0,3.0,,,27.67,35.403,23.563,0 days 00:43:59.948000,0 days 00:44:35.351000,0 days 00:44:58.914000,318.0,271.0,253.0,332.0,True,MEDIUM,2.0,True,Renault,0 days 00:43:32.278000,2020-08-08 13:28:32.316,1,,False,,False,True,86.636,86.636
77,0 days 00:46:54.711000,RIC,3,0 days 00:01:55.797000,8.0,3.0,,0 days 00:46:48.673000,37.579,48.809,29.409,0 days 00:45:36.493000,0 days 00:46:25.302000,0 days 00:46:54.711000,249.0,210.0,,275.0,False,MEDIUM,3.0,True,Renault,0 days 00:44:58.914000,2020-08-08 13:29:58.952,1,,False,,False,False,115.797,115.797
78,0 days 01:05:34.016000,RIC,3,,9.0,4.0,0 days 01:03:41.106000,,,42.76,37.993,,0 days 01:04:56.084000,0 days 01:05:34.031000,274.0,250.0,253.0,289.0,False,MEDIUM,1.0,True,Renault,0 days 00:46:54.711000,2020-08-08 13:31:54.749,1,,False,,False,False,,
79,0 days 01:07:00.313000,RIC,3,0 days 00:01:26.297000,10.0,4.0,,,27.6,35.134,23.563,0 days 01:06:01.616000,0 days 01:06:36.750000,0 days 01:07:00.313000,318.0,271.0,251.0,332.0,True,MEDIUM,2.0,True,Renault,0 days 01:05:34.016000,2020-08-08 13:50:34.054,1,,False,,False,True,86.297,86.297
80,0 days 01:08:46.773000,RIC,3,0 days 00:01:46.460000,11.0,4.0,,0 days 01:08:40.794000,33.838,43.599,29.023,0 days 01:07:34.151000,0 days 01:08:17.750000,0 days 01:08:46.773000,267.0,221.0,,292.0,False,MEDIUM,3.0,True,Renault,0 days 01:07:00.313000,2020-08-08 13:52:00.351,1,,False,,False,False,106.46,106.46
81,0 days 01:13:30.543000,RIC,3,,12.0,5.0,0 days 01:11:38.231000,,,45.478,35.604,,0 days 01:12:54.939000,0 days 01:13:30.544000,278.0,236.0,255.0,278.0,False,MEDIUM,1.0,True,Renault,0 days 01:08:46.773000,2020-08-08 13:53:46.811,1,,False,,False,False,,
82,0 days 01:14:56.844000,RIC,3,0 days 00:01:26.301000,13.0,5.0,,,27.515,35.259,23.527,0 days 01:13:58.058000,0 days 01:14:33.317000,0 days 01:14:56.844000,318.0,272.0,253.0,332.0,False,MEDIUM,2.0,True,Renault,0 days 01:13:30.543000,2020-08-08 13:58:30.581,1,,False,,False,True,86.301,86.301
83,0 days 01:16:47.526000,RIC,3,,14.0,5.0,,0 days 01:16:47.526000,35.13,48.845,,0 days 01:15:31.967000,0 days 01:16:20.846000,,228.0,201.0,,272.0,False,MEDIUM,3.0,True,Renault,0 days 01:14:56.844000,2020-08-08 13:59:56.882,1,,False,,False,False,,
84,0 days 00:24:36.989000,STR,18,,1.0,1.0,0 days 00:22:33.702000,,,54.97,31.823,,0 days 00:24:05.318000,0 days 00:24:37.192000,198.0,181.0,250.0,248.0,False,SOFT,1.0,True,Racing Point,0 days 00:22:33.702000,2020-08-08 13:07:33.740,1,,False,,False,False,,
85,0 days 00:26:05.229000,STR,18,0 days 00:01:28.240000,2.0,1.0,,,28.227,35.821,24.192,0 days 00:25:05.216000,0 days 00:25:41.037000,0 days 00:26:05.229000,314.0,270.0,245.0,329.0,True,SOFT,2.0,True,Racing Point,0 days 00:24:36.989000,2020-08-08 13:09:37.027,1,,False,,False,True,88.24,88.24000000000001
86,0 days 00:27:45.429000,STR,18,0 days 00:01:40.200000,3.0,1.0,,0 days 00:27:39.469000,34.454,40.354,25.392,0 days 00:26:39.683000,0 days 00:27:20.037000,0 days 00:27:45.429000,285.0,250.0,,306.0,False,SOFT,3.0,True,Racing Point,0 days 00:26:05.229000,2020-08-08 13:11:05.267,1,,False,,False,False,100.2,100.19999999999999
87,0 days 00:32:34.054000,STR,18,,4.0,2.0,0 days 00:30:28.241000,,,59.307,27.621,,0 days 00:32:06.461000,0 days 00:32:34.291000,182.0,228.0,253.0,306.0,False,SOFT,1.0,True,Racing Point,0 days 00:27:45.429000,2020-08-08 13:12:45.467,1,,False,,False,False,,
88,0 days 00:34:01.241000,STR,18,0 days 00:01:27.187000,5.0,2.0,,,27.818,35.525,23.844,0 days 00:33:01.872000,0 days 00:33:37.397000,0 days 00:34:01.241000,315.0,273.0,254.0,329.0,True,SOFT,2.0,True,Racing Point,0 days 00:32:34.054000,2020-08-08 13:17:34.092,1,,False,,False,True,87.187,87.18700000000001
89,0 days 00:35:49.595000,STR,18,0 days 00:01:48.354000,6.0,2.0,,0 days 00:35:43.644000,32.614,47.295,28.445,0 days 00:34:33.855000,0 days 00:35:21.150000,0 days 00:35:49.595000,261.0,232.0,,245.0,False,SOFT,3.0,True,Racing Point,0 days 00:34:01.241000,2020-08-08 13:19:01.279,1,,False,,False,False,108.354,108.35399999999998
90,0 days 00:44:11.176000,STR,18,,7.0,3.0,0 days 00:41:58.339000,,,53.86,40.835,,0 days 00:43:30.349000,0 days 00:44:11.176000,185.0,207.0,251.0,137.0,False,MEDIUM,1.0,True,Racing Point,0 days 00:35:49.595000,2020-08-08 13:20:49.633,1,,False,,False,False,,
91,0 days 00:45:38.019000,STR,18,0 days 00:01:26.843000,8.0,3.0,,,27.908,35.136,23.799,0 days 00:44:39.084000,0 days 00:45:14.220000,0 days 00:45:38.019000,315.0,275.0,253.0,329.0,True,MEDIUM,2.0,True,Racing Point,0 days 00:44:11.176000,2020-08-08 13:29:11.214,1,,False,,False,True,86.843,86.843
92,0 days 00:47:25.763000,STR,18,0 days 00:01:47.744000,9.0,3.0,,0 days 00:47:19.715000,33.729,45.131,28.884,0 days 00:46:11.748000,0 days 00:46:56.879000,0 days 00:47:25.763000,225.0,230.0,,234.0,False,MEDIUM,3.0,True,Racing Point,0 days 00:45:38.019000,2020-08-08 13:30:38.057,1,,False,,False,False,107.744,107.744
93,0 days 00:54:27.890000,STR,18,,10.0,4.0,0 days 00:52:11.956000,,,56.383,45.665,,0 days 00:53:42.229000,0 days 00:54:27.967000,213.0,186.0,254.0,146.0,False,MEDIUM,1.0,True,Racing Point,0 days 00:47:25.763000,2020-08-08 13:32:25.801,1,,False,,False,False,,
94,0 days 00:55:54.564000,STR,18,0 days 00:01:26.674000,11.0,4.0,,,27.711,35.176,23.787,0 days 00:54:55.601000,0 days 00:55:30.777000,0 days 00:55:54.564000,315.0,274.0,252.0,331.0,True,MEDIUM,2.0,True,Racing Point,0 days 00:54:27.890000,2020-08-08 13:39:27.928,1,,False,,False,True,86.674,86.674
95,0 days 00:57:42.972000,STR,18,0 days 00:01:48.408000,12.0,4.0,,0 days 00:57:36.934000,32.157,48.456,27.795,0 days 00:56:26.721000,0 days 00:57:15.177000,0 days 00:57:42.972000,248.0,223.0,,257.0,False,MEDIUM,3.0,True,Racing Point,0 days 00:55:54.564000,2020-08-08 13:40:54.602,1,,False,,False,False,108.408,108.408
96,0 days 01:06:13.878000,STR,18,,13.0,5.0,0 days 01:03:54.822000,,,57.078,45.619,,0 days 01:05:28.278000,0 days 01:06:13.917000,176.0,158.0,253.0,202.0,False,SOFT,4.0,False,Racing Point,0 days 00:57:42.972000,2020-08-08 13:42:43.010,1,,False,,False,False,,
97,0 days 01:07:40.774000,STR,18,0 days 00:01:26.896000,14.0,5.0,,,27.854,35.248,23.794,0 days 01:06:41.732000,0 days 01:07:16.980000,0 days 01:07:40.774000,318.0,274.0,249.0,324.0,True,SOFT,5.0,False,Racing Point,0 days 01:06:13.878000,2020-08-08 13:51:13.916,1,,False,,False,True,86.896,86.896
98,0 days 01:09:21.725000,STR,18,0 days 00:01:40.951000,15.0,5.0,,0 days 01:09:15.726000,31.763,42.029,27.159,0 days 01:08:12.537000,0 days 01:08:54.566000,0 days 01:09:21.725000,287.0,248.0,,288.0,False,SOFT,6.0,False,Racing Point,0 days 01:07:40.774000,2020-08-08 13:52:40.812,1,,False,,False,False,100.951,100.951
99,0 days 01:14:07.687000,STR,18,,16.0,6.0,0 days 01:11:44.243000,,,66.599,40.076,,0 days 01:13:27.641000,0 days 01:14:07.722000,177.0,145.0,257.0,149.0,False,SOFT,1.0,True,Racing Point,0 days 01:09:21.725000,2020-08-08 13:54:21.763,1,,False,,False,False,,
100,0 days 01:15:34.115000,STR,18,0 days 00:01:26.428000,17.0,6.0,,,27.56,35.068,23.8,0 days 01:14:35.247000,0 days 01:15:10.315000,0 days 01:15:34.115000,317.0,275.0,251.0,325.0,True,SOFT,2.0,True,Racing Point,0 days 01:14:07.687000,2020-08-08 13:59:07.725,1,,False,,False,True,86.428,86.428
101,0 days 01:17:20,STR,18,,18.0,6.0,,0 days 01:17:20,32.074,46.945,,0 days 01:16:06.213000,0 days 01:16:53.155000,,235.0,210.0,,220.0,False,SOFT,3.0,True,Racing Point,0 days 01:15:34.115000,2020-08-08 14:00:34.153,1,,False,,False,False,,
102,0 days 00:21:40.627000,GAS,10,,1.0,1.0,0 days 00:19:36.071000,,,55.249,33.177,,0 days 00:21:07.497000,0 days 00:21:40.856000,281.0,227.0,250.0,266.0,False,SOFT,1.0,True,AlphaTauri,0 days 00:19:36.071000,2020-08-08 13:04:36.109,1,,False,,False,False,,
103,0 days 00:23:08.217000,GAS,10,0 days 00:01:27.590000,2.0,1.0,,,28.147,35.497,23.946,0 days 00:22:08.774000,0 days 00:22:44.271000,0 days 00:23:08.217000,309.0,273.0,245.0,334.0,True,SOFT,2.0,True,AlphaTauri,0 days 00:21:40.627000,2020-08-08 13:06:40.665,1,,False,,False,True,87.59,87.59
104,0 days 00:25:04.244000,GAS,10,0 days 00:01:56.027000,3.0,1.0,,0 days 00:24:57.625000,40.394,44.753,30.88,0 days 00:23:48.611000,0 days 00:24:33.364000,0 days 00:25:04.244000,267.0,230.0,,280.0,False,SOFT,3.0,True,AlphaTauri,0 days 00:23:08.217000,2020-08-08 13:08:08.255,1,,False,,False,False,116.027,116.02699999999999
105,0 days 00:31:59.704000,GAS,10,,4.0,2.0,0 days 00:29:57.228000,,,53.863,31.749,,0 days 00:31:28.001000,0 days 00:31:59.972000,276.0,221.0,255.0,301.0,False,SOFT,1.0,True,AlphaTauri,0 days 00:25:04.244000,2020-08-08 13:10:04.282,1,,False,,False,False,,
106,0 days 00:33:26.858000,GAS,10,0 days 00:01:27.154000,5.0,2.0,,,27.902,35.499,23.753,0 days 00:32:27.606000,0 days 00:33:03.105000,0 days 00:33:26.858000,309.0,272.0,251.0,327.0,True,SOFT,2.0,True,AlphaTauri,0 days 00:31:59.704000,2020-08-08 13:16:59.742,1,,False,,False,True,87.154,87.154
107,0 days 00:35:19.520000,GAS,10,0 days 00:01:52.662000,6.0,2.0,,0 days 00:35:13.350000,35.766,47.596,29.3,0 days 00:34:02.624000,0 days 00:34:50.220000,0 days 00:35:19.520000,258.0,228.0,,278.0,False,SOFT,3.0,True,AlphaTauri,0 days 00:33:26.858000,2020-08-08 13:18:26.896,1,,False,,False,False,112.662,112.66199999999999
108,0 days 00:43:41.448000,GAS,10,,7.0,3.0,0 days 00:41:41.078000,,,48.452,37.372,,0 days 00:43:04.101000,0 days 00:43:41.462000,265.0,231.0,253.0,280.0,False,MEDIUM,1.0,True,AlphaTauri,0 days 00:35:19.520000,2020-08-08 13:20:19.558,1,,False,,False,False,,
109,0 days 00:45:08.825000,GAS,10,0 days 00:01:27.377000,8.0,3.0,,,27.834,35.474,24.069,0 days 00:44:09.282000,0 days 00:44:44.756000,0 days 00:45:08.825000,310.0,260.0,251.0,325.0,True,MEDIUM,2.0,True,AlphaTauri,0 days 00:43:41.448000,2020-08-08 13:28:41.486,1,,False,,False,True,87.377,87.377
110,0 days 00:46:58.632000,GAS,10,0 days 00:01:49.807000,9.0,3.0,,0 days 00:46:52.072000,33.122,45.249,31.436,0 days 00:45:41.947000,0 days 00:46:27.196000,0 days 00:46:58.632000,272.0,231.0,,266.0,False,MEDIUM,3.0,True,AlphaTauri,0 days 00:45:08.825000,2020-08-08 13:30:08.863,1,,False,,False,False,109.807,109.80700000000002
111,0 days 00:53:46.874000,GAS,10,,10.0,4.0,0 days 00:51:50.961000,,,48.069,34.829,,0 days 00:53:12.084000,0 days 00:53:46.877000,283.0,250.0,254.0,292.0,False,MEDIUM,1.0,True,AlphaTauri,0 days 00:46:58.632000,2020-08-08 13:31:58.670,1,,False,,False,False,,
112,0 days 00:55:13.397000,GAS,10,0 days 00:01:26.523000,11.0,4.0,,,27.79,35.103,23.63,0 days 00:54:14.664000,0 days 00:54:49.767000,0 days 00:55:13.397000,309.0,275.0,253.0,326.0,True,MEDIUM,2.0,True,AlphaTauri,0 days 00:53:46.874000,2020-08-08 13:38:46.912,1,,False,,False,True,86.523,86.523
113,0 days 00:57:07.981000,GAS,10,0 days 00:01:54.584000,12.0,4.0,,0 days 00:57:01.622000,37.91,47.787,28.887,0 days 00:55:51.307000,0 days 00:56:39.094000,0 days 00:57:07.981000,269.0,233.0,,282.0,False,MEDIUM,3.0,True,AlphaTauri,0 days 00:55:13.397000,2020-08-08 13:40:13.435,1,,False,,False,False,114.584,114.584
114,0 days 01:05:30.393000,GAS,10,,13.0,5.0,0 days 01:03:36.507000,,,45.581,35.359,,0 days 01:04:55.158000,0 days 01:05:30.452000,296.0,251.0,252.0,287.0,False,SOFT,4.0,False,AlphaTauri,0 days 00:57:07.981000,2020-08-08 13:42:08.019,1,,False,,False,False,,
115,0 days 01:06:57.549000,GAS,10,0 days 00:01:27.156000,14.0,5.0,,,27.861,35.403,23.892,0 days 01:05:58.254000,0 days 01:06:33.657000,0 days 01:06:57.549000,309.0,272.0,249.0,324.0,True,SOFT,5.0,False,AlphaTauri,0 days 01:05:30.393000,2020-08-08 13:50:30.431,1,,False,,False,True,87.156,87.15599999999999
116,0 days 01:08:41.331000,GAS,10,0 days 00:01:43.782000,15.0,5.0,,0 days 01:08:35.153000,32.418,42.963,28.401,0 days 01:07:29.967000,0 days 01:08:12.930000,0 days 01:08:41.331000,270.0,233.0,,283.0,False,SOFT,6.0,False,AlphaTauri,0 days 01:06:57.549000,2020-08-08 13:51:57.587,1,,False,,False,False,103.782,103.782
117,0 days 01:13:40.532000,GAS,10,,16.0,6.0,0 days 01:11:35.978000,,,55.244,36.896,,0 days 01:13:03.660000,0 days 01:13:40.538000,298.0,211.0,255.0,275.0,False,SOFT,1.0,True,AlphaTauri,0 days 01:08:41.331000,2020-08-08 13:53:41.369,1,,False,,False,False,,
118,0 days 01:15:07.066000,GAS,10,0 days 00:01:26.534000,17.0,6.0,,,27.643,35.245,23.646,0 days 01:14:08.175000,0 days 01:14:43.420000,0 days 01:15:07.066000,309.0,273.0,252.0,327.0,True,SOFT,2.0,True,AlphaTauri,0 days 01:13:40.532000,2020-08-08 13:58:40.570,1,,False,,False,True,86.534,86.53399999999999
119,0 days 01:16:54.755000,GAS,10,,18.0,6.0,,0 days 01:16:54.755000,38.539,46.331,,0 days 01:15:45.578000,0 days 01:16:31.958000,,260.0,231.0,,274.0,False,SOFT,3.0,True,AlphaTauri,0 days 01:15:07.066000,2020-08-08 14:00:07.104,1,,False,,False,False,,
120,0 days 00:20:55.776000,LEC,16,,1.0,1.0,0 days 00:18:46.102000,,,58.876,33.082,,0 days 00:20:22.694000,0 days 00:20:56.016000,251.0,182.0,253.0,280.0,False,SOFT,1.0,True,Ferrari,0 days 00:18:46.102000,2020-08-08 13:03:46.140,1,,False,,False,False,,
121,0 days 00:22:23.513000,LEC,16,0 days 00:01:27.737000,2.0,1.0,,,27.884,35.754,24.099,0 days 00:21:23.660000,0 days 00:21:59.414000,0 days 00:22:23.513000,314.0,270.0,251.0,329.0,True,SOFT,2.0,True,Ferrari,0 days 00:20:55.776000,2020-08-08 13:05:55.814,1,,False,,False,True,87.737,87.737
122,0 days 00:25:02.519000,LEC,16,,3.0,1.0,,,44.824,67.72,46.497,0 days 00:23:08.503000,0 days 00:24:16.022000,0 days 00:25:02.756000,200.0,147.0,253.0,198.0,False,SOFT,3.0,True,Ferrari,0 days 00:22:23.513000,2020-08-08 13:07:23.551,1,,False,,False,False,,159.041
123,0 days 00:26:29.946000,LEC,16,0 days 00:01:27.427000,4.0,1.0,,,27.76,35.542,24.125,0 days 00:25:30.279000,0 days 00:26:05.821000,0 days 00:26:29.946000,315.0,269.0,251.0,330.0,True,SOFT,4.0,True,Ferrari,0 days 00:25:02.519000,2020-08-08 13:10:02.557,1,,False,,False,True,87.427,87.427
124,0 days 00:28:14.594000,LEC,16,0 days 00:01:44.648000,5.0,1.0,,0 days 00:28:08.702000,33.614,44.256,26.778,0 days 00:27:03.560000,0 days 00:27:47.816000,0 days 00:28:14.594000,275.0,240.0,,299.0,False,SOFT,5.0,True,Ferrari,0 days 00:26:29.946000,2020-08-08 13:11:29.984,1,,False,,False,False,104.648,104.648
125,0 days 00:46:38.261000,LEC,16,,6.0,2.0,0 days 00:44:46.884000,,,47.572,30.604,,0 days 00:46:07.706000,0 days 00:46:38.342000,280.0,237.0,253.0,300.0,False,MEDIUM,1.0,True,Ferrari,0 days 00:28:14.594000,2020-08-08 13:13:14.632,1,,False,,False,False,,
126,0 days 00:48:04.970000,LEC,16,0 days 00:01:26.709000,7.0,2.0,,,27.559,35.232,23.918,0 days 00:47:05.820000,0 days 00:47:41.052000,0 days 00:48:04.970000,317.0,269.0,253.0,327.0,True,MEDIUM,2.0,True,Ferrari,0 days 00:46:38.261000,2020-08-08 13:31:38.299,1,,False,,False,True,86.709,86.709
127,0 days 00:50:04.933000,LEC,16,0 days 00:01:59.963000,8.0,2.0,,0 days 00:49:58.970000,41.201,50.524,28.238,0 days 00:48:46.171000,0 days 00:49:36.695000,0 days 00:50:04.933000,185.0,239.0,,260.0,False,MEDIUM,3.0,True,Ferrari,0 days 00:48:04.970000,2020-08-08 13:33:05.008,1,,False,,False,False,119.963,119.963
128,0 days 00:54:40.860000,LEC,16,,9.0,3.0,0 days 00:52:28.764000,,,53.052,45.334,,0 days 00:53:55.540000,0 days 00:54:40.946000,273.0,152.0,255.0,243.0,False,SOFT,1.0,True,Ferrari,0 days 00:50:04.933000,2020-08-08 13:35:04.971,1,,False,,False,False,,
129,0 days 00:56:13.907000,LEC,16,0 days 00:01:33.047000,10.0,3.0,,0 days 00:56:07.956000,27.573,35.348,30.126,0 days 00:55:08.433000,0 days 00:55:43.781000,0 days 00:56:13.907000,316.0,273.0,,282.0,False,SOFT,2.0,True,Ferrari,0 days 00:54:40.860000,2020-08-08 13:39:40.898,1,,False,,False,False,93.047,93.047
130,0 days 01:06:05.802000,LEC,16,,11.0,4.0,0 days 01:03:56.954000,,,51.286,37.456,,0 days 01:05:28.380000,0 days 01:06:05.856000,196.0,238.0,255.0,158.0,False,SOFT,1.0,True,Ferrari,0 days 00:56:13.907000,2020-08-08 13:41:13.945,1,,False,,False,False,,
131,0 days 01:07:32.611000,LEC,16,0 days 00:01:26.809000,12.0,4.0,,,27.596,35.163,24.05,0 days 01:06:33.398000,0 days 01:07:08.561000,0 days 01:07:32.611000,316.0,270.0,250.0,325.0,True,SOFT,2.0,True,Ferrari,0 days 01:06:05.802000,2020-08-08 13:51:05.840,1,,False,,False,True,86.809,86.809
132,0 days 01:09:17.384000,LEC,16,0 days 00:01:44.773000,13.0,4.0,,0 days 01:09:11.354000,33.789,44.483,26.501,0 days 01:08:06.400000,0 days 01:08:50.883000,0 days 01:09:17.384000,267.0,239.0,,301.0,False,SOFT,3.0,True,Ferrari,0 days 01:07:32.611000,2020-08-08 13:52:32.649,1,,False,,False,False,104.773,104.773
133,0 days 01:13:53.150000,LEC,16,,14.0,5.0,0 days 01:11:47.209000,,,56.965,32.381,,0 days 01:13:20.785000,0 days 01:13:53.167000,164.0,177.0,255.0,258.0,False,SOFT,1.0,True,Ferrari,0 days 01:09:17.384000,2020-08-08 13:54:17.422,1,,False,,False,False,,
134,0 days 01:15:19.764000,LEC,16,0 days 00:01:26.614000,15.0,5.0,,,27.487,35.189,23.938,0 days 01:14:20.637000,0 days 01:14:55.826000,0 days 01:15:19.764000,315.0,272.0,252.0,323.0,True,SOFT,2.0,True,Ferrari,0 days 01:13:53.150000,2020-08-08 13:58:53.188,1,,False,,False,True,86.614,86.614
135,0 days 01:17:09.378000,LEC,16,,16.0,5.0,,0 days 01:17:09.378000,43.294,41.886,,0 days 01:16:03.093000,0 days 01:16:44.965000,,215.0,240.0,,248.0,False,SOFT,3.0,True,Ferrari,0 days 01:15:19.764000,2020-08-08 14:00:19.802,1,,False,,False,False,,
136,0 days 00:22:12.237000,ALB,23,,1.0,1.0,0 days 00:19:48.334000,,,62.459,45.468,,0 days 00:21:26.885000,0 days 00:22:12.482000,286.0,164.0,252.0,101.0,False,SOFT,1.0,True,Red Bull Racing,0 days 00:19:48.334000,2020-08-08 13:04:48.372,1,,False,,False,False,,
137,0 days 00:23:40.719000,ALB,23,0 days 00:01:28.482000,2.0,1.0,,,28.315,36.028,24.139,0 days 00:22:40.552000,0 days 00:23:16.580000,0 days 00:23:40.719000,305.0,269.0,249.0,325.0,True,SOFT,2.0,True,Red Bull Racing,0 days 00:22:12.237000,2020-08-08 13:07:12.275,1,,False,,False,True,88.482,88.482
138,0 days 00:25:40.757000,ALB,23,0 days 00:02:00.038000,3.0,1.0,,0 days 00:25:34.681000,36.7,54.095,29.243,0 days 00:24:17.419000,0 days 00:25:11.514000,0 days 00:25:40.757000,264.0,238.0,,289.0,False,SOFT,3.0,True,Red Bull Racing,0 days 00:23:40.719000,2020-08-08 13:08:40.757,1,,False,,False,False,120.038,120.038
139,0 days 00:32:05.047000,ALB,23,,4.0,2.0,0 days 00:29:49.367000,,,59.243,38.286,,0 days 00:31:26.892000,0 days 00:32:05.263000,215.0,171.0,254.0,177.0,False,SOFT,1.0,True,Red Bull Racing,0 days 00:25:40.757000,2020-08-08 13:10:40.795,1,,False,,False,False,,
140,0 days 00:33:32.200000,ALB,23,0 days 00:01:27.153000,5.0,2.0,,,27.952,35.421,23.78,0 days 00:32:32.999000,0 days 00:33:08.420000,0 days 00:33:32.200000,309.0,271.0,251.0,328.0,True,SOFT,2.0,True,Red Bull Racing,0 days 00:32:05.047000,2020-08-08 13:17:05.085,1,,False,,False,True,87.153,87.153
141,0 days 00:35:25.879000,ALB,23,0 days 00:01:53.679000,6.0,2.0,,0 days 00:35:19.980000,36.33,46.739,30.61,0 days 00:34:08.530000,0 days 00:34:55.269000,0 days 00:35:25.879000,257.0,204.0,,272.0,False,SOFT,3.0,True,Red Bull Racing,0 days 00:33:32.200000,2020-08-08 13:18:32.238,1,,False,,False,False,113.679,113.67899999999999
142,0 days 00:43:53.211000,ALB,23,,7.0,3.0,0 days 00:42:02.465000,,,47.022,28.626,,0 days 00:43:24.614000,0 days 00:43:53.240000,196.0,213.0,254.0,268.0,False,MEDIUM,1.0,True,Red Bull Racing,0 days 00:35:25.879000,2020-08-08 13:20:25.917,1,,False,,False,False,,
143,0 days 00:45:20.192000,ALB,23,0 days 00:01:26.981000,8.0,3.0,,,27.979,35.273,23.729,0 days 00:44:21.190000,0 days 00:44:56.463000,0 days 00:45:20.192000,309.0,273.0,251.0,327.0,True,MEDIUM,2.0,True,Red Bull Racing,0 days 00:43:53.211000,2020-08-08 13:28:53.249,1,,False,,False,True,86.981,86.981
144,0 days 00:47:15.525000,ALB,23,0 days 00:01:55.333000,9.0,3.0,,0 days 00:47:09.522000,37.291,50.674,27.368,0 days 00:45:57.483000,0 days 00:46:48.157000,0 days 00:47:15.525000,226.0,200.0,,282.0,False,MEDIUM,3.0,True,Red Bull Racing,0 days 00:45:20.192000,2020-08-08 13:30:20.230,1,,False,,False,False,115.333,115.333
145,0 days 00:54:12.492000,ALB,23,,10.0,4.0,0 days 00:52:00.425000,,,49.204,49.535,,0 days 00:53:23.008000,0 days 00:54:12.509000,266.0,226.0,254.0,137.0,False,MEDIUM,1.0,True,Red Bull Racing,0 days 00:47:15.525000,2020-08-08 13:32:15.563,1,,False,,False,False,,
146,0 days 00:55:39.134000,ALB,23,0 days 00:01:26.642000,11.0,4.0,,,27.732,35.227,23.683,0 days 00:54:40.224000,0 days 00:55:15.451000,0 days 00:55:39.134000,309.0,272.0,253.0,328.0,True,MEDIUM,2.0,True,Red Bull Racing,0 days 00:54:12.492000,2020-08-08 13:39:12.530,1,,False,,False,True,86.642,86.642
147,0 days 00:57:34.121000,ALB,23,0 days 00:01:54.987000,12.0,4.0,,0 days 00:57:27.912000,36.5,49.874,28.613,0 days 00:56:15.634000,0 days 00:57:05.508000,0 days 00:57:34.121000,240.0,225.0,,272.0,False,MEDIUM,3.0,True,Red Bull Racing,0 days 00:55:39.134000,2020-08-08 13:40:39.172,1,,False,,False,False,114.987,114.987
148,0 days 01:05:59.597000,ALB,23,,13.0,5.0,0 days 01:04:06.201000,,,47.029,32.479,,0 days 01:05:27.164000,0 days 01:05:59.633000,277.0,243.0,254.0,220.0,False,MEDIUM,4.0,False,Red Bull Racing,0 days 00:57:34.121000,2020-08-08 13:42:34.159,1,,False,,False,False,,
149,0 days 01:07:26.370000,ALB,23,0 days 00:01:26.773000,14.0,5.0,,,27.807,35.267,23.699,0 days 01:06:27.404000,0 days 01:07:02.671000,0 days 01:07:26.370000,313.0,272.0,251.0,327.0,True,MEDIUM,5.0,False,Red Bull Racing,0 days 01:05:59.597000,2020-08-08 13:50:59.635,1,,False,,False,True,86.773,86.773
150,0 days 01:09:11.669000,ALB,23,0 days 00:01:45.299000,15.0,5.0,,0 days 01:09:05.600000,33.226,43.796,28.277,0 days 01:07:59.596000,0 days 01:08:43.392000,0 days 01:09:11.669000,251.0,232.0,,262.0,False,MEDIUM,6.0,False,Red Bull Racing,0 days 01:07:26.370000,2020-08-08 13:52:26.408,1,,False,,False,False,105.299,105.29899999999999
151,0 days 01:14:12.620000,ALB,23,,16.0,6.0,0 days 01:11:51.512000,,,61.688,40.934,,0 days 01:13:31.773000,0 days 01:14:12.620000,213.0,124.0,257.0,106.0,False,SOFT,1.0,True,Red Bull Racing,0 days 01:09:11.669000,2020-08-08 13:54:11.707,1,,False,,False,False,,
152,0 days 01:15:39.289000,ALB,23,0 days 00:01:26.669000,17.0,6.0,,,27.694,35.184,23.791,0 days 01:14:40.314000,0 days 01:15:15.498000,0 days 01:15:39.289000,310.0,274.0,252.0,325.0,True,SOFT,2.0,True,Red Bull Racing,0 days 01:14:12.620000,2020-08-08 13:59:12.658,1,,False,,False,True,86.669,86.669
153,0 days 01:17:30.067000,ALB,23,,18.0,6.0,,0 days 01:17:30.067000,43.1,43.005,,0 days 01:16:22.432000,0 days 01:17:05.415000,,147.0,232.0,,242.0,False,SOFT,3.0,True,Red Bull Racing,0 days 01:15:39.289000,2020-08-08 14:00:39.327,1,,False,,False,False,,
154,0 days 00:20:41.156000,NOR,4,,1.0,1.0,0 days 00:18:43.323000,,,52.386,32.014,,0 days 00:20:09.284000,0 days 00:20:41.373000,253.0,227.0,252.0,228.0,False,SOFT,1.0,True,McLaren,0 days 00:18:43.323000,2020-08-08 13:03:43.361,1,,False,,False,False,,
155,0 days 00:22:09.159000,NOR,4,0 days 00:01:28.003000,2.0,1.0,,,28.175,35.782,24.046,0 days 00:21:09.331000,0 days 00:21:45.113000,0 days 00:22:09.159000,311.0,269.0,251.0,327.0,True,SOFT,2.0,True,McLaren,0 days 00:20:41.156000,2020-08-08 13:05:41.194,1,,False,,False,True,88.003,88.00299999999999
156,0 days 00:24:01.288000,NOR,4,0 days 00:01:52.129000,3.0,1.0,,0 days 00:23:55.350000,36.417,45.86,29.852,0 days 00:22:45.576000,0 days 00:23:31.436000,0 days 00:24:01.288000,245.0,220.0,,235.0,False,SOFT,3.0,True,McLaren,0 days 00:22:09.159000,2020-08-08 13:07:09.197,1,,False,,False,False,112.129,112.129
157,0 days 00:31:48.162000,NOR,4,,4.0,2.0,0 days 00:29:46.957000,,,51.965,33.942,,0 days 00:31:14.220000,0 days 00:31:48.370000,276.0,154.0,253.0,294.0,False,SOFT,1.0,True,McLaren,0 days 00:24:01.288000,2020-08-08 13:09:01.326,1,,False,,False,False,,
158,0 days 00:33:15.379000,NOR,4,0 days 00:01:27.217000,5.0,2.0,,,27.867,35.534,23.816,0 days 00:32:16.029000,0 days 00:32:51.563000,0 days 00:33:15.379000,313.0,271.0,251.0,327.0,True,SOFT,2.0,True,McLaren,0 days 00:31:48.162000,2020-08-08 13:16:48.200,1,,False,,False,True,87.217,87.217
159,0 days 00:35:09.503000,NOR,4,0 days 00:01:54.124000,6.0,2.0,,0 days 00:35:03.568000,34.937,47.415,31.772,0 days 00:33:50.316000,0 days 00:34:37.731000,0 days 00:35:09.503000,229.0,226.0,,218.0,False,SOFT,3.0,True,McLaren,0 days 00:33:15.379000,2020-08-08 13:18:15.417,1,,False,,False,False,114.124,114.124
160,0 days 00:43:37.686000,NOR,4,,7.0,3.0,0 days 00:41:42.864000,,,47.04,35.25,,0 days 00:43:02.478000,0 days 00:43:37.686000,299.0,230.0,252.0,302.0,False,MEDIUM,1.0,True,McLaren,0 days 00:35:09.503000,2020-08-08 13:20:09.541,1,,False,,False,False,,
161,0 days 00:45:04.754000,NOR,4,0 days 00:01:27.068000,8.0,3.0,,,27.811,35.44,23.817,0 days 00:44:05.497000,0 days 00:44:40.937000,0 days 00:45:04.754000,315.0,273.0,251.0,327.0,True,MEDIUM,2.0,True,McLaren,0 days 00:43:37.686000,2020-08-08 13:28:37.724,1,,False,,False,True,87.068,87.068
162,0 days 00:46:56.866000,NOR,4,0 days 00:01:52.112000,9.0,3.0,,0 days 00:46:50.619000,34.154,47.45,30.508,0 days 00:45:38.908000,0 days 00:46:26.358000,0 days 00:46:56.866000,228.0,224.0,,247.0,False,MEDIUM,3.0,True,McLaren,0 days 00:45:04.754000,2020-08-08 13:30:04.792,1,,False,,False,False,112.112,112.11200000000001
163,0 days 00:53:37.707000,NOR,4,,10.0,4.0,0 days 00:51:47.291000,,,48.83,30.27,,0 days 00:53:07.492000,0 days 00:53:37.734000,299.0,215.0,253.0,296.0,False,MEDIUM,1.0,True,McLaren,0 days 00:46:56.866000,2020-08-08 13:31:56.904,1,,False,,False,False,,
164,0 days 00:55:04.592000,NOR,4,0 days 00:01:26.885000,11.0,4.0,,,27.844,35.31,23.731,0 days 00:54:05.551000,0 days 00:54:40.861000,0 days 00:55:04.592000,312.0,275.0,251.0,327.0,True,MEDIUM,2.0,True,McLaren,0 days 00:53:37.707000,2020-08-08 13:38:37.745,1,,False,,False,True,86.885,86.885
165,0 days 00:56:58.641000,NOR,4,0 days 00:01:54.049000,12.0,4.0,,0 days 00:56:52.703000,36.279,47.855,29.915,0 days 00:55:40.871000,0 days 00:56:28.726000,0 days 00:56:58.641000,212.0,226.0,,231.0,False,MEDIUM,3.0,True,McLaren,0 days 00:55:04.592000,2020-08-08 13:40:04.630,1,,False,,False,False,114.049,114.049
166,0 days 01:05:19.455000,NOR,4,,13.0,5.0,0 days 01:03:26.070000,,,48.91,30.344,,0 days 01:04:49.219000,0 days 01:05:19.482000,293.0,213.0,251.0,253.0,False,SOFT,4.0,False,McLaren,0 days 00:56:58.641000,2020-08-08 13:41:58.679,1,,False,,False,False,,
167,0 days 01:06:46.705000,NOR,4,0 days 00:01:27.250000,14.0,5.0,,,27.986,35.385,23.879,0 days 01:05:47.441000,0 days 01:06:22.826000,0 days 01:06:46.705000,312.0,275.0,250.0,325.0,True,SOFT,5.0,False,McLaren,0 days 01:05:19.455000,2020-08-08 13:50:19.493,1,,False,,False,True,87.25,87.25
168,0 days 01:08:33.107000,NOR,4,0 days 00:01:46.402000,15.0,5.0,,0 days 01:08:27.207000,33.49,43.817,29.095,0 days 01:07:20.195000,0 days 01:08:04.012000,0 days 01:08:33.107000,202.0,240.0,,251.0,False,SOFT,6.0,False,McLaren,0 days 01:06:46.705000,2020-08-08 13:51:46.743,1,,False,,False,False,106.402,106.402
169,0 days 01:13:36.085000,NOR,4,,16.0,6.0,0 days 01:11:37.242000,,,49.869,37.096,,0 days 01:12:59.028000,0 days 01:13:36.099000,217.0,227.0,254.0,148.0,False,SOFT,1.0,True,McLaren,0 days 01:08:33.107000,2020-08-08 13:53:33.145,1,,False,,False,False,,
170,0 days 01:15:02.863000,NOR,4,0 days 00:01:26.778000,17.0,6.0,,,27.711,35.326,23.741,0 days 01:14:03.796000,0 days 01:14:39.122000,0 days 01:15:02.863000,313.0,274.0,251.0,328.0,True,SOFT,2.0,True,McLaren,0 days 01:13:36.085000,2020-08-08 13:58:36.123,1,,False,,False,True,86.778,86.77799999999999
171,0 days 01:16:50.469000,NOR,4,,18.0,6.0,,0 days 01:16:50.469000,32.823,46.737,,0 days 01:15:35.714000,0 days 01:16:22.476000,,232.0,211.0,,235.0,False,SOFT,3.0,True,McLaren,0 days 01:15:02.863000,2020-08-08 14:00:02.901,1,,False,,False,False,,
172,0 days 00:24:05.174000,OCO,31,,1.0,1.0,0 days 00:21:59.853000,,,52.906,36.439,,0 days 00:23:28.753000,0 days 00:24:05.318000,174.0,228.0,250.0,246.0,False,SOFT,1.0,True,Renault,0 days 00:21:59.853000,2020-08-08 13:06:59.891,1,,False,,False,False,,
173,0 days 00:25:33.103000,OCO,31,0 days 00:01:27.929000,2.0,1.0,,,28.097,35.661,24.171,0 days 00:24:33.271000,0 days 00:25:08.932000,0 days 00:25:33.103000,312.0,269.0,248.0,329.0,True,SOFT,2.0,True,Renault,0 days 00:24:05.174000,2020-08-08 13:09:05.212,1,,False,,False,True,87.929,87.929
174,0 days 00:27:12.968000,OCO,31,0 days 00:01:39.865000,3.0,1.0,,0 days 00:27:07.059000,31.796,41.708,26.361,0 days 00:26:04.899000,0 days 00:26:46.607000,0 days 00:27:12.968000,282.0,241.0,,294.0,False,SOFT,3.0,True,Renault,0 days 00:25:33.103000,2020-08-08 13:10:33.141,1,,False,,False,False,99.865,99.865
175,0 days 00:32:53.044000,OCO,31,,4.0,2.0,0 days 00:30:48.029000,,,55.381,34.789,,0 days 00:32:18.307000,0 days 00:32:53.253000,202.0,200.0,252.0,250.0,False,SOFT,1.0,True,Renault,0 days 00:27:12.968000,2020-08-08 13:12:13.006,1,,False,,False,False,,
176,0 days 00:34:20.322000,OCO,31,0 days 00:01:27.278000,5.0,2.0,,,27.919,35.379,23.98,0 days 00:33:20.963000,0 days 00:33:56.342000,0 days 00:34:20.322000,312.0,270.0,250.0,329.0,True,SOFT,2.0,True,Renault,0 days 00:32:53.044000,2020-08-08 13:17:53.082,1,,False,,False,True,87.278,87.278
177,0 days 00:36:10.538000,OCO,31,0 days 00:01:50.216000,6.0,2.0,,0 days 00:36:04.622000,33.335,46.622,30.259,0 days 00:34:53.657000,0 days 00:35:40.279000,0 days 00:36:10.538000,230.0,210.0,,237.0,False,SOFT,3.0,True,Renault,0 days 00:34:20.322000,2020-08-08 13:19:20.360,1,,False,,False,False,110.216,110.216
178,0 days 00:42:38.382000,OCO,31,,7.0,3.0,0 days 00:40:57.896000,,,42.024,27.175,,0 days 00:42:11.237000,0 days 00:42:38.382000,297.0,245.0,252.0,294.0,False,MEDIUM,1.0,True,Renault,0 days 00:36:10.538000,2020-08-08 13:21:10.576,1,,False,,False,False,,
179,0 days 00:44:05.674000,OCO,31,0 days 00:01:27.292000,8.0,3.0,,,28.028,35.434,23.83,0 days 00:43:06.410000,0 days 00:43:41.844000,0 days 00:44:05.674000,315.0,271.0,251.0,330.0,True,MEDIUM,2.0,True,Renault,0 days 00:42:38.382000,2020-08-08 13:27:38.420,1,,False,,False,True,87.292,87.292
180,0 days 00:45:52.874000,OCO,31,0 days 00:01:47.200000,9.0,3.0,,0 days 00:45:46.853000,38.237,42.608,26.355,0 days 00:44:43.911000,0 days 00:45:26.519000,0 days 00:45:52.874000,146.0,241.0,,295.0,False,MEDIUM,3.0,True,Renault,0 days 00:44:05.674000,2020-08-08 13:29:05.712,1,,False,,False,False,107.2,107.2
181,0 days 00:53:52.917000,OCO,31,,10.0,4.0,0 days 00:51:56.731000,,,43.492,40.422,,0 days 00:53:12.556000,0 days 00:53:52.917000,202.0,254.0,252.0,310.0,False,MEDIUM,1.0,True,Renault,0 days 00:45:52.874000,2020-08-08 13:30:52.912,1,,False,,False,False,,
182,0 days 00:55:19.928000,OCO,31,0 days 00:01:27.011000,11.0,4.0,,,27.946,35.282,23.783,0 days 00:54:20.863000,0 days 00:54:56.145000,0 days 00:55:19.928000,314.0,271.0,251.0,329.0,True,MEDIUM,2.0,True,Renault,0 days 00:53:52.917000,2020-08-08 13:38:52.955,1,,False,,False,True,87.011,87.011
183,0 days 00:57:12.733000,OCO,31,0 days 00:01:52.805000,12.0,4.0,,0 days 00:57:06.774000,34.49,47.999,30.316,0 days 00:55:54.418000,0 days 00:56:42.417000,0 days 00:57:12.733000,231.0,232.0,,236.0,False,MEDIUM,3.0,True,Renault,0 days 00:55:19.928000,2020-08-08 13:40:19.966,1,,False,,False,False,112.805,112.805
184,0 days 00:20:47.154000,VET,5,,1.0,1.0,0 days 00:18:44.317000,,,53.206,34.783,,0 days 00:20:12.457000,0 days 00:20:47.360000,222.0,190.0,253.0,183.0,False,SOFT,1.0,True,Ferrari,0 days 00:18:44.317000,2020-08-08 13:03:44.355,1,,False,,False,False,,
185,0 days 00:22:15.441000,VET,5,0 days 00:01:28.287000,2.0,1.0,,,28.108,35.92,24.259,0 days 00:21:15.262000,0 days 00:21:51.182000,0 days 00:22:15.441000,313.0,268.0,252.0,330.0,True,SOFT,2.0,True,Ferrari,0 days 00:20:47.154000,2020-08-08 13:05:47.192,1,,False,,False,True,88.287,88.287
186,0 days 00:24:57.451000,VET,5,,3.0,1.0,,,41.361,66.564,54.11,0 days 00:22:56.813000,0 days 00:24:03.447000,0 days 00:24:57.538000,122.0,80.0,252.0,199.0,False,SOFT,3.0,True,Ferrari,0 days 00:22:15.441000,2020-08-08 13:07:15.479,1,,False,,False,False,,162.03499999999997
187,0 days 00:26:25.641000,VET,5,0 days 00:01:28.190000,4.0,1.0,,,28.104,35.914,24.172,0 days 00:25:25.555000,0 days 00:26:01.469000,0 days 00:26:25.641000,313.0,267.0,251.0,329.0,True,SOFT,4.0,True,Ferrari,0 days 00:24:57.451000,2020-08-08 13:09:57.489,1,,False,,False,True,88.19,88.19
188,0 days 00:28:10.510000,VET,5,0 days 00:01:44.869000,5.0,1.0,,0 days 00:28:04.589000,33.722,42.917,28.23,0 days 00:26:59.363000,0 days 00:27:42.280000,0 days 00:28:10.510000,261.0,240.0,,276.0,False,SOFT,5.0,True,Ferrari,0 days 00:26:25.641000,2020-08-08 13:11:25.679,1,,False,,False,False,104.869,104.86900000000001
189,0 days 00:32:11.823000,VET,5,,6.0,2.0,0 days 00:29:59.335000,,,58.025,37.526,,0 days 00:31:34.331000,0 days 00:32:12.093000,181.0,179.0,253.0,240.0,False,SOFT,1.0,True,Ferrari,0 days 00:28:10.510000,2020-08-08 13:13:10.548,1,,False,,False,False,,
190,0 days 00:33:39.435000,VET,5,0 days 00:01:27.612000,7.0,2.0,,,27.853,35.638,24.121,0 days 00:32:39.676000,0 days 00:33:15.314000,0 days 00:33:39.435000,315.0,269.0,251.0,331.0,True,SOFT,2.0,True,Ferrari,0 days 00:32:11.823000,2020-08-08 13:17:11.861,1,,False,,False,True,87.612,87.612
191,0 days 00:35:32.938000,VET,5,0 days 00:01:53.503000,8.0,2.0,,0 days 00:35:27.055000,36.281,47.986,29.236,0 days 00:34:15.716000,0 days 00:35:03.702000,0 days 00:35:32.938000,232.0,229.0,,285.0,False,SOFT,3.0,True,Ferrari,0 days 00:33:39.435000,2020-08-08 13:18:39.473,1,,False,,False,False,113.503,113.503
192,0 days 00:46:29.034000,VET,5,,9.0,3.0,0 days 00:44:40.334000,,,48.012,29.956,,0 days 00:45:59.128000,0 days 00:46:29.048000,253.0,212.0,253.0,177.0,False,MEDIUM,1.0,True,Ferrari,0 days 00:35:32.938000,2020-08-08 13:20:32.976,1,,False,,False,False,,
193,0 days 00:47:56.413000,VET,5,0 days 00:01:27.379000,10.0,3.0,,,27.824,35.473,24.082,0 days 00:46:56.858000,0 days 00:47:32.331000,0 days 00:47:56.413000,316.0,268.0,251.0,326.0,True,MEDIUM,2.0,True,Ferrari,0 days 00:46:29.034000,2020-08-08 13:31:29.072,1,,False,,False,True,87.379,87.37899999999999
194,0 days 00:49:50.220000,VET,5,0 days 00:01:53.807000,11.0,3.0,,0 days 00:49:43.562000,34.107,48.565,31.135,0 days 00:48:30.520000,0 days 00:49:19.085000,0 days 00:49:50.220000,250.0,215.0,,261.0,False,MEDIUM,3.0,True,Ferrari,0 days 00:47:56.413000,2020-08-08 13:32:56.451,1,,False,,False,False,113.807,113.807
195,0 days 00:54:34.293000,VET,5,,12.0,4.0,0 days 00:52:16.484000,,,57.53,46.754,,0 days 00:53:47.581000,0 days 00:54:34.314000,228.0,158.0,254.0,156.0,False,SOFT,1.0,True,Ferrari,0 days 00:49:50.220000,2020-08-08 13:34:50.258,1,,False,,False,False,,
196,0 days 00:56:01.371000,VET,5,0 days 00:01:27.078000,13.0,4.0,,,27.728,35.424,23.926,0 days 00:55:02.021000,0 days 00:55:37.445000,0 days 00:56:01.371000,314.0,269.0,251.0,330.0,True,SOFT,2.0,True,Ferrari,0 days 00:54:34.293000,2020-08-08 13:39:34.331,1,,False,,False,True,87.078,87.078
197,0 days 00:58:02.695000,VET,5,0 days 00:02:01.324000,14.0,4.0,,0 days 00:57:54.668000,33.816,47.558,39.95,0 days 00:56:35.187000,0 days 00:57:22.745000,0 days 00:58:02.695000,231.0,199.0,,213.0,False,SOFT,3.0,True,Ferrari,0 days 00:56:01.371000,2020-08-08 13:41:01.409,1,,False,,False,False,121.324,121.324
198,0 days 00:21:53.891000,SAI,55,,1.0,1.0,0 days 00:19:46.784000,,,54.642,38.771,,0 days 00:21:15.164000,0 days 00:21:54.149000,271.0,169.0,251.0,292.0,False,SOFT,1.0,True,McLaren,0 days 00:19:46.784000,2020-08-08 13:04:46.822,1,,False,,False,False,,
199,0 days 00:23:21.996000,SAI,55,0 days 00:01:28.105000,2.0,1.0,,,28.137,35.889,24.079,0 days 00:22:22.028000,0 days 00:22:57.917000,0 days 00:23:21.996000,310.0,273.0,248.0,327.0,True,SOFT,2.0,True,McLaren,0 days 00:21:53.891000,2020-08-08 13:06:53.929,1,,False,,False,True,88.105,88.10500000000002
200,0 days 00:25:10.197000,SAI,55,0 days 00:01:48.201000,3.0,1.0,,0 days 00:25:04.291000,35.063,44.542,28.596,0 days 00:23:57.059000,0 days 00:24:41.601000,0 days 00:25:10.197000,241.0,236.0,,233.0,False,SOFT,3.0,True,McLaren,0 days 00:23:21.996000,2020-08-08 13:08:22.034,1,,False,,False,False,108.201,108.20100000000001
201,0 days 00:31:54.486000,SAI,55,,4.0,2.0,0 days 00:29:51.629000,,,52.144,32.951,,0 days 00:31:21.535000,0 days 00:31:54.750000,262.0,191.0,253.0,297.0,False,SOFT,1.0,True,McLaren,0 days 00:25:10.197000,2020-08-08 13:10:10.235,1,,False,,False,False,,
202,0 days 00:33:21.936000,SAI,55,0 days 00:01:27.450000,5.0,2.0,,,27.83,35.625,23.995,0 days 00:32:22.316000,0 days 00:32:57.941000,0 days 00:33:21.936000,312.0,272.0,247.0,327.0,True,SOFT,2.0,True,McLaren,0 days 00:31:54.486000,2020-08-08 13:16:54.524,1,,False,,False,True,87.45,87.45
203,0 days 00:35:12.393000,SAI,55,0 days 00:01:50.457000,6.0,2.0,,0 days 00:35:06.470000,35.468,46.81,28.179,0 days 00:33:57.404000,0 days 00:34:44.214000,0 days 00:35:12.393000,230.0,211.0,,252.0,False,SOFT,3.0,True,McLaren,0 days 00:33:21.936000,2020-08-08 13:18:21.974,1,,False,,False,False,110.457,110.45700000000001
204,0 days 00:43:46.990000,SAI,55,,7.0,3.0,0 days 00:41:55.898000,,,48.661,31.633,,0 days 00:43:15.380000,0 days 00:43:47.024000,278.0,201.0,252.0,299.0,False,MEDIUM,1.0,True,McLaren,0 days 00:35:12.393000,2020-08-08 13:20:12.431,1,,False,,False,False,,
205,0 days 00:45:14.465000,SAI,55,0 days 00:01:27.475000,8.0,3.0,,,27.925,35.551,23.999,0 days 00:44:14.915000,0 days 00:44:50.466000,0 days 00:45:14.465000,312.0,270.0,251.0,325.0,True,MEDIUM,2.0,True,McLaren,0 days 00:43:46.990000,2020-08-08 13:28:47.028,1,,False,,False,True,87.475,87.475
206,0 days 00:47:07.010000,SAI,55,0 days 00:01:52.545000,9.0,3.0,,0 days 00:47:01.031000,36.364,47.075,29.106,0 days 00:45:50.829000,0 days 00:46:37.904000,0 days 00:47:07.010000,220.0,215.0,,232.0,False,MEDIUM,3.0,True,McLaren,0 days 00:45:14.465000,2020-08-08 13:30:14.503,1,,False,,False,False,112.545,112.54499999999999
207,0 days 00:54:02.465000,SAI,55,,10.0,4.0,0 days 00:51:52.751000,,,52.344,44.062,,0 days 00:53:18.440000,0 days 00:54:02.502000,293.0,140.0,253.0,188.0,False,MEDIUM,1.0,True,McLaren,0 days 00:47:07.010000,2020-08-08 13:32:07.048,1,,False,,False,False,,
208,0 days 00:55:29.548000,SAI,55,0 days 00:01:27.083000,11.0,4.0,,,27.789,35.43,23.864,0 days 00:54:30.254000,0 days 00:55:05.684000,0 days 00:55:29.548000,311.0,273.0,249.0,328.0,True,MEDIUM,2.0,True,McLaren,0 days 00:54:02.465000,2020-08-08 13:39:02.503,1,,False,,False,True,87.083,87.083
209,0 days 00:57:24.126000,SAI,55,0 days 00:01:54.578000,12.0,4.0,,0 days 00:57:17.745000,37.815,47.182,29.581,0 days 00:56:07.363000,0 days 00:56:54.545000,0 days 00:57:24.126000,197.0,209.0,,263.0,False,MEDIUM,3.0,True,McLaren,0 days 00:55:29.548000,2020-08-08 13:40:29.586,1,,False,,False,False,114.578,114.578
210,0 days 00:17:19.062000,GRO,8,,1.0,1.0,0 days 00:15:32.465000,,,46.777,27.803,,0 days 00:16:51.319000,0 days 00:17:19.332000,237.0,239.0,249.0,292.0,False,MEDIUM,1.0,True,Haas F1 Team,0 days 00:15:32.465000,2020-08-08 13:00:32.503,1,,False,,False,False,,
211,0 days 00:18:47.518000,GRO,8,0 days 00:01:28.456000,2.0,1.0,,,28.197,36.07,24.189,0 days 00:17:47.259000,0 days 00:18:23.329000,0 days 00:18:47.518000,313.0,265.0,249.0,326.0,True,MEDIUM,2.0,True,Haas F1 Team,0 days 00:17:19.062000,2020-08-08 13:02:19.100,1,,False,,False,True,88.456,88.45599999999999
212,0 days 00:20:36.580000,GRO,8,0 days 00:01:49.062000,3.0,1.0,,0 days 00:20:30.608000,34.878,47.127,27.057,0 days 00:19:22.396000,0 days 00:20:09.523000,0 days 00:20:36.580000,243.0,235.0,,264.0,False,MEDIUM,3.0,True,Haas F1 Team,0 days 00:18:47.518000,2020-08-08 13:03:47.556,1,,False,,False,False,109.062,109.062
213,0 days 00:24:40.278000,GRO,8,,4.0,2.0,0 days 00:22:38.376000,,,53.215,34.04,,0 days 00:24:06.377000,0 days 00:24:40.530000,259.0,181.0,250.0,220.0,False,SOFT,1.0,True,Haas F1 Team,0 days 00:20:36.580000,2020-08-08 13:05:36.618,1,,False,,False,False,,
214,0 days 00:26:08.396000,GRO,8,0 days 00:01:28.118000,5.0,2.0,,,28.181,35.881,24.056,0 days 00:25:08.459000,0 days 00:25:44.340000,0 days 00:26:08.396000,313.0,267.0,248.0,328.0,True,SOFT,2.0,True,Haas F1 Team,0 days 00:24:40.278000,2020-08-08 13:09:40.316,1,,False,,False,True,88.118,88.118
215,0 days 00:27:50.885000,GRO,8,0 days 00:01:42.489000,6.0,2.0,,0 days 00:27:44.971000,34.208,41.954,26.327,0 days 00:26:42.604000,0 days 00:27:24.558000,0 days 00:27:50.885000,260.0,242.0,,295.0,False,SOFT,3.0,True,Haas F1 Team,0 days 00:26:08.396000,2020-08-08 13:11:08.434,1,,False,,False,False,102.489,102.489
216,0 days 00:32:20.366000,GRO,8,,7.0,3.0,0 days 00:30:11.055000,,,56.948,42.02,,0 days 00:31:38.379000,0 days 00:32:20.610000,283.0,179.0,251.0,235.0,False,SOFT,1.0,True,Haas F1 Team,0 days 00:27:50.885000,2020-08-08 13:12:50.923,1,,False,,False,False,,
217,0 days 00:33:47.885000,GRO,8,0 days 00:01:27.519000,8.0,3.0,,,27.914,35.626,23.979,0 days 00:32:48.280000,0 days 00:33:23.906000,0 days 00:33:47.885000,312.0,269.0,248.0,329.0,True,SOFT,2.0,True,Haas F1 Team,0 days 00:32:20.366000,2020-08-08 13:17:20.404,1,,False,,False,True,87.519,87.519
218,0 days 00:35:38.687000,GRO,8,0 days 00:01:50.802000,9.0,3.0,,0 days 00:35:32.582000,35.554,45.234,30.014,0 days 00:34:23.439000,0 days 00:35:08.673000,0 days 00:35:38.687000,232.0,236.0,,252.0,False,SOFT,3.0,True,Haas F1 Team,0 days 00:33:47.885000,2020-08-08 13:18:47.923,1,,False,,False,False,110.802,110.802
219,0 days 00:42:30.758000,GRO,8,,10.0,3.0,0 days 00:40:51.752000,,,42.693,27.541,,0 days 00:42:03.237000,0 days 00:42:30.806000,285.0,249.0,250.0,286.0,False,SOFT,4.0,True,Haas F1 Team,0 days 00:35:38.687000,2020-08-08 13:20:38.725,1,,False,,False,False,,
220,0 days 00:43:59.508000,GRO,8,0 days 00:01:28.750000,11.0,4.0,,,28.195,36.227,24.328,0 days 00:42:58.953000,0 days 00:43:35.180000,0 days 00:43:59.508000,312.0,267.0,248.0,326.0,True,MEDIUM,4.0,False,Haas F1 Team,0 days 00:42:30.758000,2020-08-08 13:27:30.796,1,,False,,False,True,88.75,88.75
221,0 days 00:46:14.132000,GRO,8,0 days 00:02:14.624000,12.0,4.0,,,46.364,57.779,30.481,0 days 00:44:45.872000,0 days 00:45:43.651000,0 days 00:46:14.132000,135.0,197.0,250.0,277.0,False,MEDIUM,5.0,False,Haas F1 Team,0 days 00:43:59.508000,2020-08-08 13:28:59.546,1,,False,,False,True,134.624,134.624
222,0 days 00:47:48.494000,GRO,8,0 days 00:01:34.362000,13.0,4.0,,0 days 00:47:41.843000,28.102,39.703,26.557,0 days 00:46:42.234000,0 days 00:47:21.937000,0 days 00:47:48.494000,312.0,240.0,,296.0,False,MEDIUM,6.0,False,Haas F1 Team,0 days 00:46:14.132000,2020-08-08 13:31:14.170,1,,False,,False,False,94.362,94.36200000000001
223,0 days 00:53:57.968000,GRO,8,,14.0,5.0,0 days 00:51:57.864000,,,45.411,43.824,,0 days 00:53:14.169000,0 days 00:53:58.017000,298.0,242.0,252.0,306.0,False,MEDIUM,1.0,True,Haas F1 Team,0 days 00:47:48.494000,2020-08-08 13:32:48.532,1,,False,,False,False,,
224,0 days 00:55:25.222000,GRO,8,0 days 00:01:27.254000,15.0,5.0,,,27.852,35.551,23.851,0 days 00:54:25.820000,0 days 00:55:01.371000,0 days 00:55:25.222000,312.0,269.0,250.0,326.0,True,MEDIUM,2.0,True,Haas F1 Team,0 days 00:53:57.968000,2020-08-08 13:38:58.006,1,,False,,False,True,87.254,87.254
225,0 days 00:57:18.738000,GRO,8,0 days 00:01:53.516000,16.0,5.0,,0 days 00:57:12.040000,34.012,49.962,29.542,0 days 00:55:59.234000,0 days 00:56:49.196000,0 days 00:57:18.738000,218.0,232.0,,246.0,False,MEDIUM,3.0,True,Haas F1 Team,0 days 00:55:25.222000,2020-08-08 13:40:25.260,1,,False,,False,False,113.516,113.516
226,0 days 00:18:13.623000,RUS,63,,1.0,1.0,0 days 00:16:16.549000,,,49.809,35.447,,0 days 00:17:38.199000,0 days 00:18:13.890000,276.0,163.0,252.0,193.0,False,MEDIUM,1.0,True,Williams,0 days 00:16:16.549000,2020-08-08 13:01:16.587,1,,False,,False,False,,
227,0 days 00:19:42.065000,RUS,63,0 days 00:01:28.442000,2.0,1.0,,,28.173,36.124,24.145,0 days 00:18:41.796000,0 days 00:19:17.920000,0 days 00:19:42.065000,313.0,268.0,250.0,326.0,True,MEDIUM,2.0,True,Williams,0 days 00:18:13.623000,2020-08-08 13:03:13.661,1,,False,,False,True,88.442,88.442
228,0 days 00:22:05.776000,RUS,63,0 days 00:02:23.711000,3.0,1.0,,,42.167,59.36,42.184,0 days 00:20:24.232000,0 days 00:21:23.592000,0 days 00:22:05.776000,254.0,211.0,253.0,84.0,False,MEDIUM,3.0,True,Williams,0 days 00:19:42.065000,2020-08-08 13:04:42.103,1,,False,,False,True,143.711,143.711
229,0 days 00:23:59.559000,RUS,63,0 days 00:01:53.783000,4.0,1.0,,,29.732,49.237,34.814,0 days 00:22:35.508000,0 days 00:23:24.745000,0 days 00:23:59.559000,197.0,202.0,250.0,267.0,False,MEDIUM,4.0,True,Williams,0 days 00:22:05.776000,2020-08-08 13:07:05.814,1,,False,,False,True,113.783,113.78299999999999
230,0 days 00:25:37.799000,RUS,63,0 days 00:01:38.240000,5.0,1.0,,0 days 00:25:31.834000,28.357,36.716,33.167,0 days 00:24:27.916000,0 days 00:25:04.632000,0 days 00:25:37.799000,309.0,249.0,,146.0,False,MEDIUM,5.0,True,Williams,0 days 00:23:59.559000,2020-08-08 13:08:59.597,1,,False,,False,False,98.24,98.24000000000001
231,0 days 00:31:22.254000,RUS,63,,6.0,2.0,0 days 00:29:22.583000,,,52.171,35.383,,0 days 00:30:46.871000,0 days 00:31:22.480000,302.0,199.0,254.0,259.0,False,SOFT,1.0,True,Williams,0 days 00:25:37.799000,2020-08-08 13:10:37.837,1,,False,,False,False,,
232,0 days 00:32:50.011000,RUS,63,0 days 00:01:27.757000,7.0,2.0,,,28.006,35.621,24.13,0 days 00:31:50.260000,0 days 00:32:25.881000,0 days 00:32:50.011000,317.0,270.0,249.0,324.0,True,SOFT,2.0,True,Williams,0 days 00:31:22.254000,2020-08-08 13:16:22.292,1,,False,,False,True,87.757,87.757
233,0 days 00:34:45.831000,RUS,63,0 days 00:01:55.820000,8.0,2.0,,0 days 00:34:39.504000,39.037,47.162,29.621,0 days 00:33:29.048000,0 days 00:34:16.210000,0 days 00:34:45.831000,171.0,230.0,,250.0,False,SOFT,3.0,True,Williams,0 days 00:32:50.011000,2020-08-08 13:17:50.049,1,,False,,False,False,115.82,115.82
234,0 days 00:50:22.720000,RUS,63,,9.0,3.0,0 days 00:48:20.015000,,,55.808,31.406,,0 days 00:49:51.337000,0 days 00:50:22.755000,264.0,171.0,253.0,297.0,False,SOFT,1.0,True,Williams,0 days 00:34:45.831000,2020-08-08 13:19:45.869,1,,False,,False,False,,
235,0 days 00:51:50.175000,RUS,63,0 days 00:01:27.455000,10.0,3.0,,,27.938,35.502,24.015,0 days 00:50:50.658000,0 days 00:51:26.160000,0 days 00:51:50.175000,317.0,270.0,245.0,323.0,True,SOFT,2.0,True,Williams,0 days 00:50:22.720000,2020-08-08 13:35:22.758,1,,False,,False,True,87.455,87.455
236,0 days 00:53:46.720000,RUS,63,0 days 00:01:56.545000,11.0,3.0,,0 days 00:53:40.706000,38.018,49.599,28.928,0 days 00:52:28.193000,0 days 00:53:17.792000,0 days 00:53:46.720000,203.0,210.0,,225.0,False,SOFT,3.0,True,Williams,0 days 00:51:50.175000,2020-08-08 13:36:50.213,1,,False,,False,False,116.545,116.54499999999999
237,0 days 00:21:37.043000,KVY,26,,1.0,1.0,0 days 00:19:31.654000,,,53.812,38.03,,0 days 00:20:59.052000,0 days 00:21:37.246000,280.0,188.0,252.0,292.0,False,SOFT,1.0,True,AlphaTauri,0 days 00:19:31.654000,2020-08-08 13:04:31.692,1,,False,,False,False,,
238,0 days 00:23:04.925000,KVY,26,0 days 00:01:27.882000,2.0,1.0,,,28.01,35.885,23.987,0 days 00:22:05.053000,0 days 00:22:40.938000,0 days 00:23:04.925000,311.0,271.0,251.0,334.0,True,SOFT,2.0,True,AlphaTauri,0 days 00:21:37.043000,2020-08-08 13:06:37.081,1,,False,,False,True,87.882,87.88199999999999
239,0 days 00:24:58.178000,KVY,26,0 days 00:01:53.253000,3.0,1.0,,0 days 00:24:51.416000,34.299,48.687,30.267,0 days 00:23:39.224000,0 days 00:24:27.911000,0 days 00:24:58.178000,275.0,216.0,,233.0,False,SOFT,3.0,True,AlphaTauri,0 days 00:23:04.925000,2020-08-08 13:08:04.963,1,,False,,False,False,113.253,113.25299999999999
240,0 days 00:31:32.706000,KVY,26,,4.0,2.0,0 days 00:29:39.498000,,,50.15,29.698,,0 days 00:31:03.067000,0 days 00:31:32.976000,292.0,190.0,254.0,291.0,False,SOFT,1.0,True,AlphaTauri,0 days 00:24:58.178000,2020-08-08 13:09:58.216,1,,False,,False,False,,
241,0 days 00:33:00.839000,KVY,26,0 days 00:01:28.133000,5.0,2.0,,,27.902,35.374,24.857,0 days 00:32:00.608000,0 days 00:32:35.982000,0 days 00:33:00.839000,313.0,269.0,250.0,330.0,False,SOFT,2.0,True,AlphaTauri,0 days 00:31:32.706000,2020-08-08 13:16:32.744,1,,True,TRACK LIMITS AT TURN 15,False,True,88.133,88.13300000000001
242,0 days 00:34:48.100000,KVY,26,0 days 00:01:47.261000,6.0,2.0,,0 days 00:34:42.220000,34.232,44.75,28.279,0 days 00:33:35.071000,0 days 00:34:19.821000,0 days 00:34:48.100000,253.0,236.0,,288.0,False,SOFT,3.0,True,AlphaTauri,0 days 00:33:00.839000,2020-08-08 13:18:00.877,1,,False,,False,False,107.261,107.261
243,0 days 00:17:14.250000,MAG,20,,1.0,1.0,0 days 00:15:30.178000,,,45.377,25.648,,0 days 00:16:48.671000,0 days 00:17:14.550000,277.0,249.0,248.0,300.0,False,MEDIUM,1.0,True,Haas F1 Team,0 days 00:15:30.178000,2020-08-08 13:00:30.216,1,,False,,False,False,,
244,0 days 00:18:43.048000,MAG,20,0 days 00:01:28.798000,2.0,1.0,,,28.323,36.215,24.26,0 days 00:17:42.573000,0 days 00:18:18.788000,0 days 00:18:43.048000,311.0,265.0,248.0,323.0,True,MEDIUM,2.0,True,Haas F1 Team,0 days 00:17:14.250000,2020-08-08 13:02:14.288,1,,False,,False,True,88.798,88.79800000000002
245,0 days 00:20:25.116000,MAG,20,0 days 00:01:42.068000,3.0,1.0,,0 days 00:20:19.213000,33.725,41.909,26.434,0 days 00:19:16.773000,0 days 00:19:58.682000,0 days 00:20:25.116000,286.0,242.0,,300.0,False,MEDIUM,3.0,True,Haas F1 Team,0 days 00:18:43.048000,2020-08-08 13:03:43.086,1,,False,,False,False,102.068,102.068
246,0 days 00:24:43.581000,MAG,20,,4.0,2.0,0 days 00:22:36.703000,,,56.096,36.292,,0 days 00:24:07.293000,0 days 00:24:43.822000,173.0,191.0,251.0,128.0,False,SOFT,1.0,True,Haas F1 Team,0 days 00:20:25.116000,2020-08-08 13:05:25.154,1,,False,,False,False,,
247,0 days 00:26:12.168000,MAG,20,0 days 00:01:28.587000,5.0,2.0,,,28.277,36.153,24.157,0 days 00:25:11.858000,0 days 00:25:48.011000,0 days 00:26:12.168000,313.0,265.0,247.0,328.0,True,SOFT,2.0,True,Haas F1 Team,0 days 00:24:43.581000,2020-08-08 13:09:43.619,1,,False,,False,True,88.587,88.587
248,0 days 00:27:54.465000,MAG,20,0 days 00:01:42.297000,6.0,2.0,,0 days 00:27:48.553000,32.652,43.085,26.56,0 days 00:26:44.820000,0 days 00:27:27.905000,0 days 00:27:54.465000,275.0,234.0,,291.0,False,SOFT,3.0,True,Haas F1 Team,0 days 00:26:12.168000,2020-08-08 13:11:12.206,1,,False,,False,False,102.297,102.297
249,0 days 00:32:16.033000,MAG,20,,7.0,3.0,0 days 00:30:08.098000,,,59.778,39.398,,0 days 00:31:36.706000,0 days 00:32:16.239000,198.0,204.0,251.0,287.0,False,SOFT,1.0,True,Haas F1 Team,0 days 00:27:54.465000,2020-08-08 13:12:54.503,1,,False,,False,False,,
250,0 days 00:33:44.269000,MAG,20,0 days 00:01:28.236000,8.0,3.0,,,28.027,36.02,24.189,0 days 00:32:44.060000,0 days 00:33:20.080000,0 days 00:33:44.269000,312.0,266.0,248.0,327.0,True,SOFT,2.0,True,Haas F1 Team,0 days 00:32:16.033000,2020-08-08 13:17:16.071,1,,False,,False,True,88.236,88.23599999999999
251,0 days 00:35:34.465000,MAG,20,0 days 00:01:50.196000,9.0,3.0,,0 days 00:35:28.554000,32.105,47.988,30.103,0 days 00:34:16.374000,0 days 00:35:04.362000,0 days 00:35:34.465000,239.0,233.0,,274.0,False,SOFT,3.0,True,Haas F1 Team,0 days 00:33:44.269000,2020-08-08 13:18:44.307,1,,False,,False,False,110.196,110.196
252,0 days 00:21:32.449000,LAT,6,,1.0,1.0,0 days 00:19:26.194000,,,54.569,40.697,,0 days 00:20:51.785000,0 days 00:21:32.674000,195.0,236.0,252.0,276.0,False,SOFT,1.0,True,Williams,0 days 00:19:26.194000,2020-08-08 13:04:26.232,1,,False,,False,False,,
253,0 days 00:23:02.538000,LAT,6,0 days 00:01:30.089000,2.0,1.0,,,28.295,37.267,24.527,0 days 00:22:00.744000,0 days 00:22:38.011000,0 days 00:23:02.538000,315.0,246.0,250.0,322.0,True,SOFT,2.0,True,Williams,0 days 00:21:32.449000,2020-08-08 13:06:32.487,1,,False,,False,True,90.089,90.08900000000001
254,0 days 00:25:01.418000,LAT,6,0 days 00:01:58.880000,3.0,1.0,,0 days 00:24:55.453000,34.267,50.848,33.765,0 days 00:23:36.805000,0 days 00:24:27.653000,0 days 00:25:01.418000,276.0,220.0,,171.0,False,SOFT,3.0,True,Williams,0 days 00:23:02.538000,2020-08-08 13:08:02.576,1,,False,,False,False,118.88,118.88000000000001
255,0 days 00:31:38.830000,LAT,6,,4.0,2.0,0 days 00:29:44.349000,,,51.399,31.505,,0 days 00:31:07.327000,0 days 00:31:38.977000,239.0,207.0,253.0,261.0,False,SOFT,1.0,True,Williams,0 days 00:25:01.418000,2020-08-08 13:10:01.456,1,,False,,False,False,,
256,0 days 00:33:07.260000,LAT,6,0 days 00:01:28.430000,5.0,2.0,,,28.227,35.917,24.286,0 days 00:32:07.057000,0 days 00:32:42.974000,0 days 00:33:07.260000,317.0,266.0,247.0,324.0,True,SOFT,2.0,True,Williams,0 days 00:31:38.830000,2020-08-08 13:16:38.868,1,,False,,False,True,88.43,88.43
257,0 days 00:35:05.124000,LAT,6,0 days 00:01:57.864000,6.0,2.0,,0 days 00:34:57.696000,37.154,48.234,32.476,0 days 00:33:44.414000,0 days 00:34:32.648000,0 days 00:35:05.124000,221.0,221.0,,225.0,False,SOFT,3.0,True,Williams,0 days 00:33:07.260000,2020-08-08 13:18:07.298,1,,False,,False,False,117.864,117.864
258,0 days 00:20:27.437000,GIO,99,,1.0,1.0,0 days 00:18:30.265000,,,49.341,35.95,,0 days 00:19:51.558000,0 days 00:20:27.706000,229.0,229.0,252.0,163.0,False,SOFT,1.0,True,Alfa Romeo Racing,0 days 00:18:30.265000,2020-08-08 13:03:30.303,1,,False,,False,False,,
259,0 days 00:21:56.358000,GIO,99,0 days 00:01:28.921000,2.0,1.0,,,28.42,36.09,24.411,0 days 00:20:55.857000,0 days 00:21:31.947000,0 days 00:21:56.358000,312.0,267.0,248.0,330.0,True,SOFT,2.0,True,Alfa Romeo Racing,0 days 00:20:27.437000,2020-08-08 13:05:27.475,1,,False,,False,True,88.921,88.921
260,0 days 00:24:07.389000,GIO,99,0 days 00:02:11.031000,3.0,1.0,,0 days 00:24:01.472000,40.919,58.138,31.974,0 days 00:22:37.277000,0 days 00:23:35.415000,0 days 00:24:07.389000,163.0,225.0,,189.0,False,SOFT,3.0,True,Alfa Romeo Racing,0 days 00:21:56.358000,2020-08-08 13:06:56.396,1,,False,,False,False,131.031,131.03099999999998
261,0 days 00:31:12.055000,GIO,99,,4.0,2.0,0 days 00:29:08.976000,,,54.386,29.266,,0 days 00:30:42.880000,0 days 00:31:12.294000,163.0,223.0,253.0,177.0,False,SOFT,1.0,True,Alfa Romeo Racing,0 days 00:24:07.389000,2020-08-08 13:09:07.427,1,,False,,False,False,,
262,0 days 00:32:40.488000,GIO,99,0 days 00:01:28.433000,5.0,2.0,,,28.203,35.808,24.422,0 days 00:31:40.258000,0 days 00:32:16.066000,0 days 00:32:40.488000,314.0,266.0,248.0,328.0,True,SOFT,2.0,True,Alfa Romeo Racing,0 days 00:31:12.055000,2020-08-08 13:16:12.093,1,,False,,False,True,88.433,88.43299999999999
263,0 days 00:34:28.931000,GIO,99,0 days 00:01:48.443000,6.0,2.0,,0 days 00:34:23.027000,36.047,45.28,27.116,0 days 00:33:16.535000,0 days 00:34:01.815000,0 days 00:34:28.931000,233.0,234.0,,288.0,False,SOFT,3.0,True,Alfa Romeo Racing,0 days 00:32:40.488000,2020-08-08 13:17:40.526,1,,False,,False,False,108.443,108.443
264,0 days 00:20:31.648000,RAI,7,,1.0,1.0,0 days 00:18:32.264000,,,51.599,34.102,,0 days 00:19:57.632000,0 days 00:20:31.854000,204.0,200.0,251.0,123.0,False,SOFT,1.0,True,Alfa Romeo Racing,0 days 00:18:32.264000,2020-08-08 13:03:32.302,1,,False,,False,False,,
265,0 days 00:22:00.466000,RAI,7,0 days 00:01:28.818000,2.0,1.0,,,28.485,36.013,24.32,0 days 00:21:00.133000,0 days 00:21:36.146000,0 days 00:22:00.466000,312.0,264.0,248.0,330.0,True,SOFT,2.0,True,Alfa Romeo Racing,0 days 00:20:31.648000,2020-08-08 13:05:31.686,1,,False,,False,True,88.818,88.81799999999998
266,0 days 00:23:58.962000,RAI,7,0 days 00:01:58.496000,3.0,1.0,,0 days 00:23:52.701000,43.923,45.2,29.373,0 days 00:22:44.389000,0 days 00:23:29.589000,0 days 00:23:58.962000,276.0,222.0,,274.0,False,SOFT,3.0,True,Alfa Romeo Racing,0 days 00:22:00.466000,2020-08-08 13:07:00.504,1,,False,,False,False,118.496,118.49600000000001
267,0 days 00:31:15.567000,RAI,7,,4.0,2.0,0 days 00:29:10.813000,,,51.475,28.976,,0 days 00:30:46.692000,0 days 00:31:15.799000,101.0,234.0,252.0,287.0,False,SOFT,1.0,True,Alfa Romeo Racing,0 days 00:23:58.962000,2020-08-08 13:08:59.000,1,,False,,False,False,,
268,0 days 00:32:44.060000,RAI,7,0 days 00:01:28.493000,5.0,2.0,,,28.258,35.949,24.286,0 days 00:31:43.825000,0 days 00:32:19.774000,0 days 00:32:44.060000,314.0,261.0,247.0,329.0,True,SOFT,2.0,True,Alfa Romeo Racing,0 days 00:31:15.567000,2020-08-08 13:16:15.605,1,,False,,False,True,88.493,88.493
269,0 days 00:34:39.291000,RAI,7,0 days 00:01:55.231000,6.0,2.0,,0 days 00:34:33.403000,41.958,43.723,29.55,0 days 00:33:26.018000,0 days 00:34:09.741000,0 days 00:34:39.291000,210.0,234.0,,244.0,False,SOFT,3.0,True,Alfa Romeo Racing,0 days 00:32:44.060000,2020-08-08 13:17:44.098,1,,False,,False,False,115.231,115.231
