Unnamed: 0,Time,Driver,DriverNumber,LapTime,LapNumber,Stint,PitOutTime,PitInTime,Sector1Time,Sector2Time,Sector3Time,Sector1SessionTime,Sector2SessionTime,Sector3SessionTime,SpeedI1,SpeedI2,SpeedFL,SpeedST,IsPersonalBest,Compound,TyreLife,FreshTyre,Team,LapStartTime,LapStartDate,TrackStatus,Position,Deleted,DeletedReason,FastF1Generated,IsAccurate,LapTime_in_seconds,laptime_sum_sectortimes
0,0 days 00:16:22.323000,ANT,12,0 days 00:01:43.433000,1.0,1.0,0 days 00:14:40.765000,,33.525,26.964,42.944,0 days 00:15:12.450000,0 days 00:15:39.497000,0 days 00:16:22.556000,232.0,237.0,271.0,110.0,False,MEDIUM,1.0,True,Mercedes,0 days 00:14:40.765000,2026-05-22 20:31:53.527,1,,False,,False,False,103.433,103.433
1,0 days 00:17:49.857000,ANT,12,0 days 00:01:27.534000,2.0,1.0,,,23.552,28.981,35.001,0 days 00:16:45.875000,0 days 00:17:14.856000,0 days 00:17:49.857000,229.0,242.0,273.0,250.0,True,MEDIUM,2.0,True,Mercedes,0 days 00:16:22.323000,2026-05-22 20:33:35.085,1,,False,,False,True,87.534,87.53399999999999
2,0 days 00:19:03.867000,ANT,12,0 days 00:01:14.010000,3.0,1.0,,,21.241,23.499,29.27,0 days 00:18:11.098000,0 days 00:18:34.597000,0 days 00:19:03.867000,248.0,289.0,275.0,319.0,True,MEDIUM,3.0,True,Mercedes,0 days 00:17:49.857000,2026-05-22 20:35:02.619,1,,False,,False,True,74.01,74.00999999999999
3,0 days 00:20:34.726000,ANT,12,0 days 00:01:30.859000,4.0,1.0,,,27.477,26.118,37.264,0 days 00:19:31.344000,0 days 00:19:57.462000,0 days 00:20:34.726000,222.0,252.0,274.0,237.0,False,MEDIUM,4.0,True,Mercedes,0 days 00:19:03.867000,2026-05-22 20:36:16.629,1,,False,,False,True,90.859,90.859
4,0 days 00:22:07.376000,ANT,12,0 days 00:01:32.650000,5.0,1.0,,,23.204,26.961,42.485,0 days 00:20:57.930000,0 days 00:21:24.891000,0 days 00:22:07.376000,190.0,239.0,270.0,141.0,False,MEDIUM,5.0,True,Mercedes,0 days 00:20:34.726000,2026-05-22 20:37:47.488,1,,False,,False,True,92.65,92.65
5,0 days 00:50:54.494000,ANT,12,,6.0,1.0,,0 days 00:23:25.774000,21.091,23.352,,0 days 00:22:28.717000,0 days 00:22:52.008000,,248.0,288.0,,141.0,False,MEDIUM,6.0,True,Mercedes,0 days 00:22:07.376000,2026-05-22 20:39:20.138,125,,False,,False,False,,
6,0 days 00:52:22.160000,ANT,12,,7.0,2.0,0 days 00:50:54.494000,,,26.334,32.422,,0 days 00:51:49.889000,0 days 00:52:22.268000,231.0,255.0,265.0,268.0,False,MEDIUM,1.0,True,Mercedes,0 days 00:50:54.494000,2026-05-22 21:08:07.256,1,,False,,False,False,,
7,0 days 00:53:50.533000,ANT,12,0 days 00:01:28.373000,8.0,2.0,,,22.811,25.855,39.707,0 days 00:52:44.971000,0 days 00:53:10.826000,0 days 00:53:50.533000,238.0,240.0,279.0,248.0,True,MEDIUM,2.0,True,Mercedes,0 days 00:52:22.160000,2026-05-22 21:09:34.922,1,,False,,False,True,88.373,88.37299999999999
8,0 days 00:55:04.084000,ANT,12,0 days 00:01:13.551000,9.0,2.0,,,20.895,23.303,29.353,0 days 00:54:11.428000,0 days 00:54:34.731000,0 days 00:55:04.084000,248.0,291.0,277.0,319.0,True,MEDIUM,3.0,True,Mercedes,0 days 00:53:50.533000,2026-05-22 21:11:03.295,1,,False,,False,True,73.551,73.551
9,0 days 00:56:44.201000,ANT,12,0 days 00:01:40.117000,10.0,2.0,,,27.495,31.822,40.8,0 days 00:55:31.579000,0 days 00:56:03.401000,0 days 00:56:44.201000,155.0,229.0,275.0,222.0,False,MEDIUM,4.0,True,Mercedes,0 days 00:55:04.084000,2026-05-22 21:12:16.846,1,,False,,False,True,100.117,100.117
10,0 days 01:10:46.448000,ANT,12,,11.0,2.0,,0 days 00:58:04.893000,21.002,26.305,,0 days 00:57:05.332000,0 days 00:57:31.756000,,248.0,231.0,,127.0,False,MEDIUM,5.0,True,Mercedes,0 days 00:56:44.201000,2026-05-22 21:13:56.963,1,,False,,False,False,,
11,0 days 01:12:25.179000,ANT,12,0 days 00:01:38.731000,12.0,3.0,0 days 01:10:47.915000,,29.339,28.401,40.991,0 days 01:11:15.787000,0 days 01:11:44.188000,0 days 01:12:25.179000,240.0,229.0,279.0,193.0,False,SOFT,1.0,True,Mercedes,0 days 01:10:46.448000,2026-05-22 21:27:59.210,1,,False,,False,False,98.731,98.731
12,0 days 01:13:38.679000,ANT,12,0 days 00:01:13.500000,13.0,3.0,,,21.08,23.207,29.213,0 days 01:12:46.259000,0 days 01:13:09.466000,0 days 01:13:38.679000,247.0,287.0,276.0,319.0,True,SOFT,2.0,True,Mercedes,0 days 01:12:25.179000,2026-05-22 21:29:37.941,1,,False,,False,True,73.5,73.5
13,0 days 01:15:21.397000,ANT,12,0 days 00:01:42.718000,14.0,3.0,,,24.305,37.549,40.864,0 days 01:14:02.984000,0 days 01:14:40.533000,0 days 01:15:21.397000,222.0,102.0,272.0,244.0,False,SOFT,3.0,True,Mercedes,0 days 01:13:38.679000,2026-05-22 21:30:51.441,1,,False,,False,True,102.718,102.718
14,0 days 01:16:34.430000,ANT,12,0 days 00:01:13.033000,15.0,3.0,,,20.899,23.194,28.94,0 days 01:15:42.296000,0 days 01:16:05.490000,0 days 01:16:34.430000,248.0,288.0,276.0,320.0,True,SOFT,4.0,True,Mercedes,0 days 01:15:21.397000,2026-05-22 21:32:34.159,1,,False,,False,True,73.033,73.033
15,0 days 01:18:05.363000,ANT,12,,16.0,3.0,,0 days 01:18:05.363000,29.027,30.266,,0 days 01:17:03.499000,0 days 01:17:33.712000,,158.0,251.0,,258.0,False,SOFT,5.0,True,Mercedes,0 days 01:16:34.430000,2026-05-22 21:33:47.192,1,,False,,False,False,,
16,0 days 00:16:16.329000,RUS,63,0 days 00:01:43.965000,1.0,1.0,0 days 00:14:33.940000,,32.918,27.897,43.15,0 days 00:15:05.305000,0 days 00:15:33.231000,0 days 00:16:16.559000,226.0,232.0,272.0,123.0,False,MEDIUM,1.0,True,Mercedes,0 days 00:14:33.940000,2026-05-22 20:31:46.702,1,,False,,False,False,103.965,103.965
17,0 days 00:17:31.101000,RUS,63,0 days 00:01:14.772000,2.0,1.0,,,21.507,23.567,29.698,0 days 00:16:37.836000,0 days 00:17:01.403000,0 days 00:17:31.101000,245.0,289.0,277.0,321.0,True,MEDIUM,2.0,True,Mercedes,0 days 00:16:16.329000,2026-05-22 20:33:29.091,1,,False,,False,True,74.772,74.77199999999999
18,0 days 00:19:02.761000,RUS,63,0 days 00:01:31.660000,3.0,1.0,,,24.776,28.736,38.148,0 days 00:17:55.877000,0 days 00:18:24.613000,0 days 00:19:02.761000,220.0,248.0,271.0,251.0,False,MEDIUM,3.0,True,Mercedes,0 days 00:17:31.101000,2026-05-22 20:34:43.863,1,,False,,False,True,91.66,91.66
19,0 days 00:20:21.007000,RUS,63,0 days 00:01:18.246000,4.0,1.0,,,21.279,23.446,33.521,0 days 00:19:24.040000,0 days 00:19:47.486000,0 days 00:20:21.007000,246.0,288.0,192.0,320.0,False,MEDIUM,4.0,True,Mercedes,0 days 00:19:02.761000,2026-05-22 20:36:15.523,1,,True,TRACK LIMITS AT TURN 14 LAP 5 ,False,True,78.246,78.24600000000001
20,0 days 00:22:02.006000,RUS,63,0 days 00:01:40.999000,5.0,1.0,,,32.141,28.843,40.015,0 days 00:20:53.148000,0 days 00:21:21.991000,0 days 00:22:02.006000,186.0,242.0,270.0,166.0,False,MEDIUM,5.0,True,Mercedes,0 days 00:20:21.007000,2026-05-22 20:37:33.769,1,,True,TRACK LIMITS AT TURN 14 (NEXT LAP),False,True,100.999,100.999
21,0 days 00:50:50.275000,RUS,63,,6.0,1.0,,0 days 00:23:17.759000,21.347,23.494,,0 days 00:22:23.483000,0 days 00:22:46.978000,,248.0,290.0,,166.0,False,MEDIUM,6.0,True,Mercedes,0 days 00:22:02.006000,2026-05-22 20:39:14.768,125,,False,,False,False,,
22,0 days 00:52:16.872000,RUS,63,,7.0,2.0,0 days 00:50:50.275000,,,26.389,32.544,,0 days 00:51:44.472000,0 days 00:52:16.872000,227.0,252.0,253.0,276.0,False,MEDIUM,1.0,True,Mercedes,0 days 00:50:50.275000,2026-05-22 21:08:03.037,1,,False,,False,False,,
23,0 days 00:53:43.930000,RUS,63,0 days 00:01:27.058000,8.0,2.0,,,22.723,26.206,38.129,0 days 00:52:39.595000,0 days 00:53:05.801000,0 days 00:53:43.930000,236.0,232.0,272.0,249.0,True,MEDIUM,2.0,True,Mercedes,0 days 00:52:16.872000,2026-05-22 21:09:29.634,1,,False,,False,True,87.058,87.05799999999999
24,0 days 00:54:57.396000,RUS,63,0 days 00:01:13.466000,9.0,2.0,,,20.909,23.374,29.183,0 days 00:54:04.839000,0 days 00:54:28.213000,0 days 00:54:57.396000,247.0,288.0,276.0,320.0,True,MEDIUM,3.0,True,Mercedes,0 days 00:53:43.930000,2026-05-22 21:10:56.692,1,,False,,False,True,73.466,73.46600000000001
25,0 days 00:56:33.585000,RUS,63,0 days 00:01:36.189000,10.0,2.0,,,25.594,31.107,39.488,0 days 00:55:22.990000,0 days 00:55:54.097000,0 days 00:56:33.585000,219.0,156.0,271.0,250.0,False,MEDIUM,4.0,True,Mercedes,0 days 00:54:57.396000,2026-05-22 21:12:10.158,1,,False,,False,True,96.189,96.189
26,0 days 00:58:05.465000,RUS,63,0 days 00:01:31.880000,11.0,2.0,,,23.577,29.46,38.843,0 days 00:56:57.162000,0 days 00:57:26.622000,0 days 00:58:05.465000,193.0,242.0,272.0,247.0,False,MEDIUM,5.0,True,Mercedes,0 days 00:56:33.585000,2026-05-22 21:13:46.347,1,,False,,False,True,91.88,91.88
27,0 days 00:59:18.491000,RUS,63,0 days 00:01:13.026000,12.0,2.0,,,20.768,23.195,29.063,0 days 00:58:26.233000,0 days 00:58:49.428000,0 days 00:59:18.491000,249.0,288.0,275.0,321.0,True,MEDIUM,6.0,True,Mercedes,0 days 00:58:05.465000,2026-05-22 21:15:18.227,1,,False,,False,True,73.026,73.026
28,0 days 01:09:08.404000,RUS,63,,13.0,2.0,,0 days 01:00:35.777000,23.16,26.116,,0 days 00:59:41.767000,0 days 01:00:07.917000,,230.0,258.0,,283.0,False,MEDIUM,7.0,True,Mercedes,0 days 00:59:18.491000,2026-05-22 21:16:31.253,1,,False,,False,False,,
29,0 days 01:10:30.861000,RUS,63,0 days 00:01:22.457000,14.0,3.0,0 days 01:09:09.797000,,25.575,25.385,31.497,0 days 01:09:33.979000,0 days 01:09:59.364000,0 days 01:10:30.861000,239.0,260.0,276.0,298.0,False,SOFT,1.0,True,Mercedes,0 days 01:09:08.404000,2026-05-22 21:26:21.166,1,,False,,False,False,82.457,82.457
30,0 days 01:12:03.602000,RUS,63,0 days 00:01:32.741000,15.0,3.0,,,22.519,26.418,43.804,0 days 01:10:53.380000,0 days 01:11:19.798000,0 days 01:12:03.602000,234.0,241.0,274.0,126.0,True,SOFT,2.0,True,Mercedes,0 days 01:10:30.861000,2026-05-22 21:27:43.623,1,,False,,False,True,92.741,92.741
31,0 days 01:13:16.796000,RUS,63,0 days 00:01:13.194000,16.0,3.0,,,20.753,23.097,29.344,0 days 01:12:24.355000,0 days 01:12:47.452000,0 days 01:13:16.796000,250.0,288.0,276.0,321.0,True,SOFT,3.0,True,Mercedes,0 days 01:12:03.602000,2026-05-22 21:29:16.364,1,,False,,False,True,73.194,73.194
32,0 days 01:14:58.888000,RUS,63,0 days 00:01:42.092000,17.0,3.0,,,27.157,32.042,42.893,0 days 01:13:43.953000,0 days 01:14:15.995000,0 days 01:14:58.888000,215.0,225.0,272.0,245.0,False,SOFT,4.0,True,Mercedes,0 days 01:13:16.796000,2026-05-22 21:30:29.558,1,,False,,False,True,102.092,102.092
33,0 days 01:16:11.853000,RUS,63,0 days 00:01:12.965000,18.0,3.0,,,20.857,23.066,29.042,0 days 01:15:19.745000,0 days 01:15:42.811000,0 days 01:16:11.853000,249.0,291.0,276.0,321.0,True,SOFT,5.0,True,Mercedes,0 days 01:14:58.888000,2026-05-22 21:32:11.650,1,,False,,False,True,72.965,72.965
34,0 days 01:18:01.181000,RUS,63,0 days 00:01:49.328000,19.0,3.0,,0 days 01:17:41.972000,26.022,30.72,52.586,0 days 01:16:37.875000,0 days 01:17:08.595000,0 days 01:18:01.181000,187.0,199.0,,199.0,False,SOFT,6.0,True,Mercedes,0 days 01:16:11.853000,2026-05-22 21:33:24.615,1,,False,,False,False,109.328,109.328
35,0 days 00:14:20.366000,HAM,44,,1.0,1.0,0 days 00:12:50.118000,,,27.272,35.535,,0 days 00:13:44.871000,0 days 00:14:20.586000,221.0,243.0,276.0,242.0,False,MEDIUM,1.0,True,Ferrari,0 days 00:12:50.118000,2026-05-22 20:30:02.880,1,,False,,False,False,,
36,0 days 00:15:35.825000,HAM,44,0 days 00:01:15.459000,2.0,1.0,,,21.605,24.055,29.799,0 days 00:14:41.971000,0 days 00:15:06.026000,0 days 00:15:35.825000,245.0,280.0,268.0,320.0,True,MEDIUM,2.0,True,Ferrari,0 days 00:14:20.366000,2026-05-22 20:31:33.128,1,,False,,False,True,75.459,75.459
37,0 days 00:17:15.279000,HAM,44,0 days 00:01:39.454000,3.0,1.0,,,25.631,35.72,38.103,0 days 00:16:01.456000,0 days 00:16:37.176000,0 days 00:17:15.279000,178.0,214.0,281.0,202.0,False,MEDIUM,3.0,True,Ferrari,0 days 00:15:35.825000,2026-05-22 20:32:48.587,1,,False,,False,True,99.454,99.454
38,0 days 00:18:41.784000,HAM,44,0 days 00:01:26.505000,4.0,1.0,,,24.103,26.122,36.28,0 days 00:17:39.382000,0 days 00:18:05.504000,0 days 00:18:41.784000,234.0,253.0,280.0,261.0,False,MEDIUM,4.0,True,Ferrari,0 days 00:17:15.279000,2026-05-22 20:34:28.041,1,,True,TRACK LIMITS AT TURN 2 LAP 5 ,False,True,86.505,86.505
39,0 days 00:19:55.706000,HAM,44,0 days 00:01:13.922000,5.0,1.0,,,21.007,23.52,29.395,0 days 00:19:02.791000,0 days 00:19:26.311000,0 days 00:19:55.706000,245.0,284.0,268.0,320.0,True,MEDIUM,5.0,True,Ferrari,0 days 00:18:41.784000,2026-05-22 20:35:54.546,1,,False,,False,True,73.922,73.922
40,0 days 00:21:30,HAM,44,0 days 00:01:34.294000,6.0,1.0,,,27.248,32.084,34.962,0 days 00:20:22.954000,0 days 00:20:55.038000,0 days 00:21:30,186.0,194.0,279.0,259.0,False,MEDIUM,6.0,True,Ferrari,0 days 00:19:55.706000,2026-05-22 20:37:08.468,1,,False,,False,True,94.294,94.294
41,0 days 00:22:43.889000,HAM,44,0 days 00:01:13.889000,7.0,1.0,,,20.946,23.463,29.48,0 days 00:21:50.946000,0 days 00:22:14.409000,0 days 00:22:43.889000,246.0,283.0,272.0,322.0,True,MEDIUM,7.0,True,Ferrari,0 days 00:21:30,2026-05-22 20:38:42.762,1,,False,,False,True,73.889,73.88900000000001
42,0 days 00:41:54.060000,HAM,44,,8.0,1.0,,0 days 00:24:26.163000,,,,,,,,,,,False,MEDIUM,8.0,True,Ferrari,0 days 00:22:43.889000,2026-05-22 20:39:56.651,125,,False,,False,False,,
43,0 days 00:43:33.551000,HAM,44,0 days 00:01:39.491000,9.0,2.0,0 days 00:42:01.363000,,37.63,26.774,35.087,0 days 00:42:31.690000,0 days 00:42:58.464000,0 days 00:43:33.551000,221.0,244.0,279.0,245.0,False,MEDIUM,9.0,False,Ferrari,0 days 00:42:01.363000,2026-05-22 20:59:14.125,1,,False,,False,False,99.491,99.491
44,0 days 00:44:49.925000,HAM,44,0 days 00:01:16.374000,10.0,2.0,,,21.946,23.95,30.478,0 days 00:43:55.497000,0 days 00:44:19.447000,0 days 00:44:49.925000,244.0,281.0,269.0,330.0,False,MEDIUM,10.0,False,Ferrari,0 days 00:43:33.551000,2026-05-22 21:00:46.313,1,,True,TRACK LIMITS AT TURN 14 LAP 11 ,False,True,76.374,76.374
45,0 days 00:51:42.488000,HAM,44,,11.0,2.0,,0 days 00:46:08.787000,21.786,27.051,,0 days 00:45:11.793000,0 days 00:45:38.731000,,229.0,257.0,,250.0,False,MEDIUM,11.0,False,Ferrari,0 days 00:44:49.925000,2026-05-22 21:02:02.687,1,,False,,False,False,,
46,0 days 00:53:22.346000,HAM,44,0 days 00:01:39.858000,12.0,3.0,0 days 00:51:47.652000,,34.585,26.235,39.038,0 days 00:52:17.073000,0 days 00:52:43.308000,0 days 00:53:22.346000,222.0,242.0,279.0,244.0,False,MEDIUM,1.0,True,Ferrari,0 days 00:51:42.488000,2026-05-22 21:08:55.250,1,,False,,False,False,99.858,99.858
47,0 days 00:54:35.983000,HAM,44,0 days 00:01:13.637000,13.0,3.0,,,20.872,23.277,29.488,0 days 00:53:43.218000,0 days 00:54:06.495000,0 days 00:54:35.983000,246.0,283.0,270.0,320.0,True,MEDIUM,2.0,True,Ferrari,0 days 00:53:22.346000,2026-05-22 21:10:35.108,1,,False,,False,True,73.637,73.637
48,0 days 00:56:12.655000,HAM,44,0 days 00:01:36.672000,14.0,3.0,,,26.251,29.501,40.92,0 days 00:55:02.234000,0 days 00:55:31.735000,0 days 00:56:12.655000,223.0,233.0,280.0,208.0,False,MEDIUM,3.0,True,Ferrari,0 days 00:54:35.983000,2026-05-22 21:11:48.745,1,,False,,False,True,96.672,96.672
49,0 days 00:57:43.157000,HAM,44,0 days 00:01:30.502000,15.0,3.0,,,21.46,32.185,36.857,0 days 00:56:34.115000,0 days 00:57:06.300000,0 days 00:57:43.157000,200.0,250.0,280.0,169.0,False,MEDIUM,4.0,True,Ferrari,0 days 00:56:12.655000,2026-05-22 21:13:25.417,1,,False,,False,True,90.502,90.502
50,0 days 00:58:56.622000,HAM,44,0 days 00:01:13.465000,16.0,3.0,,,20.803,23.359,29.303,0 days 00:58:03.960000,0 days 00:58:27.319000,0 days 00:58:56.622000,248.0,282.0,270.0,322.0,True,MEDIUM,5.0,True,Ferrari,0 days 00:57:43.157000,2026-05-22 21:14:55.919,1,,False,,False,True,73.465,73.465
51,0 days 01:08:20.865000,HAM,44,,17.0,3.0,,0 days 01:00:19.402000,25.366,27.324,,0 days 00:59:22.073000,0 days 00:59:49.861000,,201.0,236.0,,252.0,False,MEDIUM,6.0,True,Ferrari,0 days 00:58:56.622000,2026-05-22 21:16:09.384,1,,False,,False,False,,
52,0 days 01:09:49.779000,HAM,44,0 days 00:01:28.914000,18.0,4.0,0 days 01:08:23.155000,,27.901,26.174,34.839,0 days 01:08:48.766000,0 days 01:09:14.940000,0 days 01:09:49.779000,226.0,244.0,278.0,246.0,False,SOFT,1.0,True,Ferrari,0 days 01:08:20.865000,2026-05-22 21:25:33.627,1,,False,,False,False,88.914,88.914
53,0 days 01:11:20.983000,HAM,44,0 days 00:01:31.204000,19.0,4.0,,,25.11,30.948,35.146,0 days 01:10:14.889000,0 days 01:10:45.837000,0 days 01:11:20.983000,179.0,249.0,278.0,251.0,True,SOFT,2.0,True,Ferrari,0 days 01:09:49.779000,2026-05-22 21:27:02.541,1,,False,,False,True,91.204,91.204
54,0 days 01:12:34.394000,HAM,44,0 days 00:01:13.411000,20.0,4.0,,,20.947,23.208,29.256,0 days 01:11:41.930000,0 days 01:12:05.138000,0 days 01:12:34.394000,247.0,281.0,268.0,318.0,True,SOFT,3.0,True,Ferrari,0 days 01:11:20.983000,2026-05-22 21:28:33.745,1,,False,,False,True,73.411,73.411
55,0 days 01:14:09.982000,HAM,44,0 days 00:01:35.588000,21.0,4.0,,,28.857,31.523,35.208,0 days 01:13:03.251000,0 days 01:13:34.774000,0 days 01:14:09.982000,163.0,255.0,279.0,252.0,False,SOFT,4.0,True,Ferrari,0 days 01:12:34.394000,2026-05-22 21:29:47.156,1,,False,,False,True,95.588,95.588
56,0 days 01:15:23.308000,HAM,44,0 days 00:01:13.326000,22.0,4.0,,,20.594,23.21,29.522,0 days 01:14:30.576000,0 days 01:14:53.786000,0 days 01:15:23.308000,249.0,281.0,270.0,317.0,True,SOFT,5.0,True,Ferrari,0 days 01:14:09.982000,2026-05-22 21:31:22.744,1,,False,,False,True,73.326,73.326
57,0 days 01:16:52.062000,HAM,44,,23.0,4.0,,0 days 01:16:52.062000,26.119,28.576,,0 days 01:15:49.856000,0 days 01:16:18.111000,,198.0,236.0,,227.0,False,SOFT,6.0,True,Ferrari,0 days 01:15:23.308000,2026-05-22 21:32:36.070,1,,False,,False,False,,
58,0 days 00:14:30.631000,LEC,16,0 days 00:01:41.448000,1.0,1.0,0 days 00:12:53.196000,,36.454,28.413,36.581,0 days 00:13:25.637000,0 days 00:13:54.147000,0 days 00:14:30.924000,213.0,244.0,275.0,242.0,False,MEDIUM,1.0,True,Ferrari,0 days 00:12:53.196000,2026-05-22 20:30:05.958,1,,False,,False,False,101.448,101.448
59,0 days 00:15:58.253000,LEC,16,0 days 00:01:27.622000,2.0,1.0,,,23.261,27.335,37.026,0 days 00:14:53.892000,0 days 00:15:21.227000,0 days 00:15:58.253000,202.0,222.0,279.0,215.0,True,MEDIUM,2.0,True,Ferrari,0 days 00:14:30.631000,2026-05-22 20:31:43.393,1,,False,,False,True,87.622,87.62200000000001
60,0 days 00:17:13.259000,LEC,16,0 days 00:01:15.006000,3.0,1.0,,,21.499,23.857,29.65,0 days 00:16:19.752000,0 days 00:16:43.609000,0 days 00:17:13.259000,244.0,283.0,269.0,321.0,True,MEDIUM,3.0,True,Ferrari,0 days 00:15:58.253000,2026-05-22 20:33:11.015,1,,False,,False,True,75.006,75.006
61,0 days 00:18:48.445000,LEC,16,0 days 00:01:35.186000,4.0,1.0,,,24.132,29.413,41.641,0 days 00:17:37.391000,0 days 00:18:06.804000,0 days 00:18:48.445000,190.0,111.0,277.0,252.0,False,MEDIUM,4.0,True,Ferrari,0 days 00:17:13.259000,2026-05-22 20:34:26.021,1,,False,,False,True,95.186,95.186
62,0 days 00:20:23.773000,LEC,16,0 days 00:01:35.328000,5.0,1.0,,,24.575,28.477,42.276,0 days 00:19:13.020000,0 days 00:19:41.497000,0 days 00:20:23.773000,204.0,157.0,279.0,220.0,False,MEDIUM,5.0,True,Ferrari,0 days 00:18:48.445000,2026-05-22 20:36:01.207,1,,True,TRACK LIMITS AT TURN 2 LAP 6 ,False,True,95.328,95.328
63,0 days 00:21:55.845000,LEC,16,0 days 00:01:32.072000,6.0,1.0,,,21.106,28.789,42.177,0 days 00:20:44.879000,0 days 00:21:13.668000,0 days 00:21:55.845000,247.0,228.0,277.0,181.0,False,MEDIUM,6.0,True,Ferrari,0 days 00:20:23.773000,2026-05-22 20:37:36.535,1,,True,TRACK LIMITS AT TURN 8 LAP 7 ,False,True,92.072,92.072
64,0 days 00:51:48.659000,LEC,16,,7.0,1.0,,0 days 00:23:21.634000,21.474,26.348,,0 days 00:22:17.420000,0 days 00:22:43.853000,,,210.0,,181.0,False,MEDIUM,7.0,True,Ferrari,0 days 00:21:55.845000,2026-05-22 20:39:08.607,125,,False,,False,False,,
65,0 days 00:53:29.700000,LEC,16,0 days 00:01:41.041000,8.0,2.0,0 days 00:51:52.678000,,36.531,27.048,37.462,0 days 00:52:25.190000,0 days 00:52:52.238000,0 days 00:53:29.700000,225.0,242.0,221.0,229.0,False,MEDIUM,1.0,True,Ferrari,0 days 00:51:52.678000,2026-05-22 21:09:05.440,1,,False,,False,False,101.041,101.041
66,0 days 00:55:07.644000,LEC,16,0 days 00:01:37.944000,9.0,2.0,,,30.038,29.464,38.442,0 days 00:53:59.738000,0 days 00:54:29.202000,0 days 00:55:07.644000,241.0,220.0,279.0,254.0,True,MEDIUM,2.0,True,Ferrari,0 days 00:53:29.700000,2026-05-22 21:10:42.462,1,,False,,False,True,97.944,97.944
67,0 days 00:56:21.609000,LEC,16,0 days 00:01:13.965000,10.0,2.0,,,21.002,23.597,29.366,0 days 00:55:28.646000,0 days 00:55:52.243000,0 days 00:56:21.609000,248.0,281.0,272.0,318.0,True,MEDIUM,3.0,True,Ferrari,0 days 00:55:07.644000,2026-05-22 21:12:20.406,1,,False,,False,True,73.965,73.965
68,0 days 00:57:50.655000,LEC,16,0 days 00:01:29.046000,11.0,2.0,,,24.067,28.725,36.254,0 days 00:56:45.676000,0 days 00:57:14.401000,0 days 00:57:50.655000,213.0,248.0,280.0,223.0,False,MEDIUM,4.0,True,Ferrari,0 days 00:56:21.609000,2026-05-22 21:13:34.371,1,,False,,False,True,89.046,89.04599999999999
69,0 days 00:59:04.209000,LEC,16,0 days 00:01:13.554000,12.0,2.0,,,20.832,23.403,29.319,0 days 00:58:11.487000,0 days 00:58:34.890000,0 days 00:59:04.209000,247.0,284.0,270.0,322.0,True,MEDIUM,5.0,True,Ferrari,0 days 00:57:50.655000,2026-05-22 21:15:03.417,1,,False,,False,True,73.554,73.554
70,0 days 01:09:18.393000,LEC,16,,13.0,2.0,,0 days 01:00:23.621000,24.397,27.007,,0 days 00:59:28.681000,0 days 00:59:55.752000,,229.0,257.0,,270.0,False,MEDIUM,6.0,True,Ferrari,0 days 00:59:04.209000,2026-05-22 21:16:16.971,1,,False,,False,False,,
71,0 days 01:10:50.878000,LEC,16,0 days 00:01:32.485000,14.0,3.0,0 days 01:09:21.021000,,28.985,26.855,36.645,0 days 01:09:47.378000,0 days 01:10:14.233000,0 days 01:10:50.878000,236.0,244.0,233.0,239.0,False,SOFT,1.0,True,Ferrari,0 days 01:09:18.393000,2026-05-22 21:26:31.155,1,,False,,False,False,92.485,92.485
72,0 days 01:12:19.536000,LEC,16,0 days 00:01:28.658000,15.0,3.0,,,23.448,26.768,38.442,0 days 01:11:14.326000,0 days 01:11:41.094000,0 days 01:12:19.536000,239.0,210.0,278.0,206.0,True,SOFT,2.0,True,Ferrari,0 days 01:10:50.878000,2026-05-22 21:28:03.640,1,,False,,False,True,88.658,88.658
73,0 days 01:13:33.394000,LEC,16,0 days 00:01:13.858000,16.0,3.0,,,20.928,23.433,29.497,0 days 01:12:40.464000,0 days 01:13:03.897000,0 days 01:13:33.394000,248.0,284.0,267.0,320.0,True,SOFT,3.0,True,Ferrari,0 days 01:12:19.536000,2026-05-22 21:29:32.298,1,,False,,False,True,73.858,73.858
74,0 days 01:15:13.541000,LEC,16,0 days 00:01:40.147000,17.0,3.0,,,28.076,31.923,40.148,0 days 01:14:01.470000,0 days 01:14:33.393000,0 days 01:15:13.541000,206.0,154.0,278.0,215.0,False,SOFT,4.0,True,Ferrari,0 days 01:13:33.394000,2026-05-22 21:30:46.156,1,,False,,False,True,100.147,100.147
75,0 days 01:16:26.951000,LEC,16,0 days 00:01:13.410000,18.0,3.0,,,20.877,23.375,29.158,0 days 01:15:34.418000,0 days 01:15:57.793000,0 days 01:16:26.951000,246.0,284.0,270.0,322.0,True,SOFT,5.0,True,Ferrari,0 days 01:15:13.541000,2026-05-22 21:32:26.303,1,,False,,False,True,73.41,73.41
76,0 days 01:17:57.128000,LEC,16,,19.0,3.0,,0 days 01:17:57.128000,29.37,28.827,,0 days 01:16:56.484000,0 days 01:17:25.272000,,175.0,208.0,,230.0,False,SOFT,6.0,True,Ferrari,0 days 01:16:26.951000,2026-05-22 21:33:39.713,1,,False,,False,False,,
77,0 days 00:17:02.134000,VER,3,0 days 00:01:41.284000,1.0,1.0,0 days 00:15:22.309000,,30.006,26.238,45.04,0 days 00:15:50.934000,0 days 00:16:17.135000,0 days 00:17:02.428000,226.0,239.0,271.0,91.0,False,MEDIUM,1.0,True,Red Bull Racing,0 days 00:15:22.309000,2026-05-22 20:32:35.071,1,,False,,False,False,101.284,101.284
78,0 days 00:18:16.610000,VER,3,0 days 00:01:14.476000,2.0,1.0,,,21.323,23.533,29.62,0 days 00:17:23.457000,0 days 00:17:46.990000,0 days 00:18:16.610000,247.0,284.0,286.0,311.0,True,MEDIUM,2.0,True,Red Bull Racing,0 days 00:17:02.134000,2026-05-22 20:34:14.896,1,,False,,False,True,74.476,74.476
79,0 days 00:19:53.916000,VER,3,0 days 00:01:37.306000,3.0,1.0,,,29.494,31.599,36.213,0 days 00:18:46.104000,0 days 00:19:17.703000,0 days 00:19:53.916000,161.0,259.0,275.0,235.0,False,MEDIUM,3.0,True,Red Bull Racing,0 days 00:18:16.610000,2026-05-22 20:35:29.372,1,,False,,False,True,97.306,97.306
80,0 days 00:21:07.944000,VER,3,0 days 00:01:14.028000,4.0,1.0,,,20.998,23.758,29.272,0 days 00:20:14.914000,0 days 00:20:38.672000,0 days 00:21:07.944000,251.0,286.0,287.0,319.0,True,MEDIUM,4.0,True,Red Bull Racing,0 days 00:19:53.916000,2026-05-22 20:37:06.678,1,,False,,False,True,74.028,74.02799999999999
81,0 days 00:22:49.160000,VER,3,0 days 00:01:41.216000,5.0,1.0,,,28.76,30.056,42.4,0 days 00:21:36.704000,0 days 00:22:06.760000,0 days 00:22:49.160000,170.0,244.0,274.0,212.0,False,MEDIUM,5.0,True,Red Bull Racing,0 days 00:21:07.944000,2026-05-22 20:38:20.706,1,,False,,False,True,101.216,101.216
82,0 days 00:54:39.859000,VER,3,,6.0,1.0,,0 days 00:24:28.991000,,,,,,,,,,,False,MEDIUM,6.0,True,Red Bull Racing,0 days 00:22:49.160000,2026-05-22 20:40:01.922,125,,False,,False,False,,
83,0 days 00:56:06.215000,VER,3,0 days 00:01:26.356000,7.0,2.0,0 days 00:54:41.474000,,26.232,26.037,34.087,0 days 00:55:06.091000,0 days 00:55:32.128000,0 days 00:56:06.215000,230.0,273.0,279.0,245.0,False,MEDIUM,1.0,True,Red Bull Racing,0 days 00:54:41.474000,2026-05-22 21:11:54.236,1,,False,,False,False,86.356,86.356
84,0 days 00:57:31.457000,VER,3,0 days 00:01:25.242000,8.0,2.0,,,23.75,27.522,33.97,0 days 00:56:29.965000,0 days 00:56:57.487000,0 days 00:57:31.457000,208.0,257.0,274.0,281.0,False,MEDIUM,2.0,True,Red Bull Racing,0 days 00:56:06.215000,2026-05-22 21:13:18.977,1,,True,TRACK LIMITS AT TURN 4 LAP 9 ,False,True,85.242,85.24199999999999
85,0 days 00:58:45.869000,VER,3,0 days 00:01:14.412000,9.0,2.0,,,21.107,23.504,29.801,0 days 00:57:52.564000,0 days 00:58:16.068000,0 days 00:58:45.869000,261.0,282.0,274.0,310.0,True,MEDIUM,3.0,True,Red Bull Racing,0 days 00:57:31.457000,2026-05-22 21:14:44.219,1,,False,,False,True,74.412,74.412
86,0 days 01:10:02.495000,VER,3,,10.0,2.0,,0 days 01:00:10.980000,27.171,28.073,,0 days 00:59:13.120000,0 days 00:59:41.205000,,217.0,240.0,,255.0,False,MEDIUM,4.0,True,Red Bull Racing,0 days 00:58:45.869000,2026-05-22 21:15:58.631,1,,False,,False,False,,
87,0 days 01:11:35.156000,VER,3,0 days 00:01:32.661000,11.0,3.0,0 days 01:10:04.144000,,26.13,28.201,38.33,0 days 01:10:28.625000,0 days 01:10:56.826000,0 days 01:11:35.156000,228.0,233.0,278.0,247.0,False,SOFT,1.0,True,Red Bull Racing,0 days 01:10:02.495000,2026-05-22 21:27:15.257,1,,False,,False,False,92.661,92.661
88,0 days 01:12:48.663000,VER,3,0 days 00:01:13.507000,12.0,3.0,,,20.936,23.352,29.219,0 days 01:11:56.092000,0 days 01:12:19.444000,0 days 01:12:48.663000,248.0,286.0,282.0,316.0,True,SOFT,2.0,True,Red Bull Racing,0 days 01:11:35.156000,2026-05-22 21:28:47.918,1,,False,,False,True,73.507,73.507
89,0 days 01:14:25.113000,VER,3,0 days 00:01:36.450000,13.0,3.0,,,27.573,30.625,38.252,0 days 01:13:16.236000,0 days 01:13:46.861000,0 days 01:14:25.113000,183.0,199.0,275.0,255.0,False,SOFT,3.0,True,Red Bull Racing,0 days 01:12:48.663000,2026-05-22 21:30:01.425,1,,False,,False,True,96.45,96.45
90,0 days 01:15:38.617000,VER,3,0 days 00:01:13.504000,14.0,3.0,,,20.784,23.428,29.292,0 days 01:14:45.897000,0 days 01:15:09.325000,0 days 01:15:38.617000,251.0,286.0,280.0,317.0,True,SOFT,4.0,True,Red Bull Racing,0 days 01:14:25.113000,2026-05-22 21:31:37.875,1,,False,,False,True,73.504,73.504
91,0 days 01:17:12.253000,VER,3,,15.0,3.0,,0 days 01:17:12.253000,29.086,30.989,,0 days 01:16:07.830000,0 days 01:16:38.952000,,191.0,201.0,,260.0,False,SOFT,5.0,True,Red Bull Racing,0 days 01:15:38.617000,2026-05-22 21:32:51.379,1,,False,,False,False,,
92,0 days 00:14:51.649000,NOR,1,0 days 00:01:44.927000,1.0,1.0,0 days 00:13:10.508000,,40.289,27.187,37.451,0 days 00:13:47.137000,0 days 00:14:14.375000,0 days 00:14:51.905000,226.0,247.0,233.0,243.0,False,MEDIUM,1.0,True,McLaren,0 days 00:13:10.508000,2026-05-22 20:30:23.270,1,,False,,False,False,104.927,104.927
93,0 days 00:16:27.277000,NOR,1,0 days 00:01:35.628000,2.0,1.0,,,23.756,26.475,45.397,0 days 00:15:15.405000,0 days 00:15:41.880000,0 days 00:16:27.277000,228.0,244.0,269.0,253.0,True,MEDIUM,2.0,True,McLaren,0 days 00:14:51.649000,2026-05-22 20:32:04.411,1,,False,,False,True,95.628,95.628
94,0 days 00:17:42.184000,NOR,1,0 days 00:01:14.907000,3.0,1.0,,,21.476,23.542,29.889,0 days 00:16:48.753000,0 days 00:17:12.295000,0 days 00:17:42.184000,249.0,282.0,272.0,311.0,True,MEDIUM,3.0,True,McLaren,0 days 00:16:27.277000,2026-05-22 20:33:40.039,1,,False,,False,True,74.907,74.907
95,0 days 00:19:15.743000,NOR,1,0 days 00:01:33.559000,4.0,1.0,,,24.815,30.494,38.25,0 days 00:18:06.999000,0 days 00:18:37.493000,0 days 00:19:15.743000,204.0,221.0,267.0,277.0,False,MEDIUM,4.0,True,McLaren,0 days 00:17:42.184000,2026-05-22 20:34:54.946,1,,False,,False,True,93.559,93.559
96,0 days 00:20:30.008000,NOR,1,0 days 00:01:14.265000,5.0,1.0,,,21.305,23.667,29.293,0 days 00:19:37.048000,0 days 00:20:00.715000,0 days 00:20:30.008000,248.0,284.0,277.0,317.0,True,MEDIUM,5.0,True,McLaren,0 days 00:19:15.743000,2026-05-22 20:36:28.505,1,,False,,False,True,74.265,74.265
97,0 days 00:22:13.426000,NOR,1,0 days 00:01:43.418000,6.0,1.0,,,26.806,30.491,46.121,0 days 00:20:56.814000,0 days 00:21:27.305000,0 days 00:22:13.426000,168.0,190.0,267.0,220.0,False,MEDIUM,6.0,True,McLaren,0 days 00:20:30.008000,2026-05-22 20:37:42.770,1,,False,,False,True,103.418,103.418
98,0 days 00:51:21.722000,NOR,1,,7.0,1.0,,0 days 00:23:41.682000,21.284,23.395,,0 days 00:22:34.842000,0 days 00:22:58.171000,,249.0,290.0,,220.0,False,MEDIUM,7.0,True,McLaren,0 days 00:22:13.426000,2026-05-22 20:39:26.188,125,,False,,False,False,,
99,0 days 00:53:01.938000,NOR,1,0 days 00:01:40.216000,8.0,2.0,0 days 00:51:27.752000,,32.583,25.924,41.709,0 days 00:51:54.305000,0 days 00:52:20.229000,0 days 00:53:01.938000,228.0,265.0,266.0,239.0,False,MEDIUM,1.0,True,McLaren,0 days 00:51:27.752000,2026-05-22 21:08:40.514,1,,False,,False,False,100.216,100.216
100,0 days 00:54:15.895000,NOR,1,0 days 00:01:13.957000,9.0,2.0,,,21.204,23.281,29.472,0 days 00:53:23.142000,0 days 00:53:46.423000,0 days 00:54:15.895000,252.0,286.0,274.0,312.0,True,MEDIUM,2.0,True,McLaren,0 days 00:53:01.938000,2026-05-22 21:10:14.700,1,,False,,False,True,73.957,73.957
101,0 days 01:10:08.490000,NOR,1,,10.0,2.0,,0 days 00:55:40.165000,24.891,28.66,,0 days 00:54:40.802000,0 days 00:55:09.509000,,208.0,219.0,,238.0,False,MEDIUM,3.0,True,McLaren,0 days 00:54:15.895000,2026-05-22 21:11:28.657,1,,False,,False,False,,
102,0 days 01:11:51.344000,NOR,1,0 days 00:01:42.854000,11.0,3.0,0 days 01:10:11.498000,,29.322,26.341,47.191,0 days 01:10:37.812000,0 days 01:11:04.153000,0 days 01:11:51.344000,230.0,240.0,276.0,237.0,False,SOFT,1.0,True,McLaren,0 days 01:10:08.490000,2026-05-22 21:27:21.252,1,,False,,False,False,102.854,102.854
103,0 days 01:13:05.399000,NOR,1,0 days 00:01:14.055000,12.0,3.0,,,21.625,23.24,29.19,0 days 01:12:12.969000,0 days 01:12:36.209000,0 days 01:13:05.399000,250.0,285.0,272.0,311.0,True,SOFT,2.0,True,McLaren,0 days 01:11:51.344000,2026-05-22 21:29:04.106,1,,False,,False,True,74.055,74.05499999999999
104,0 days 01:14:45.952000,NOR,1,0 days 00:01:40.553000,13.0,3.0,,,24.37,30.251,45.932,0 days 01:13:29.769000,0 days 01:14:00.020000,0 days 01:14:45.952000,212.0,226.0,274.0,250.0,False,SOFT,3.0,True,McLaren,0 days 01:13:05.399000,2026-05-22 21:30:18.161,1,,False,,False,True,100.553,100.553
105,0 days 01:15:59.232000,NOR,1,0 days 00:01:13.280000,14.0,3.0,,,20.808,23.124,29.348,0 days 01:15:06.760000,0 days 01:15:29.884000,0 days 01:15:59.232000,249.0,289.0,271.0,312.0,True,SOFT,4.0,True,McLaren,0 days 01:14:45.952000,2026-05-22 21:31:58.714,1,,False,,False,True,73.28,73.28
106,0 days 01:17:29.806000,NOR,1,,15.0,3.0,,0 days 01:17:29.806000,25.671,29.737,,0 days 01:16:24.965000,0 days 01:16:54.655000,,184.0,181.0,,193.0,False,SOFT,5.0,True,McLaren,0 days 01:15:59.232000,2026-05-22 21:33:11.994,1,,False,,False,False,,
107,0 days 00:15:41.346000,PIA,81,0 days 00:01:44.260000,1.0,1.0,0 days 00:14:01.540000,,37.544,28.173,38.543,0 days 00:14:34.695000,0 days 00:15:02.906000,0 days 00:15:41.653000,211.0,251.0,232.0,252.0,False,MEDIUM,1.0,True,McLaren,0 days 00:14:01.540000,2026-05-22 20:31:14.302,1,,False,,False,False,104.26,104.26
108,0 days 00:17:23.185000,PIA,81,0 days 00:01:41.839000,2.0,1.0,,,26.163,31.2,44.476,0 days 00:16:07.509000,0 days 00:16:38.709000,0 days 00:17:23.185000,164.0,239.0,267.0,100.0,True,MEDIUM,2.0,True,McLaren,0 days 00:15:41.346000,2026-05-22 20:32:54.108,1,,False,,False,True,101.839,101.839
109,0 days 00:18:37.989000,PIA,81,0 days 00:01:14.804000,3.0,1.0,,,21.531,23.487,29.786,0 days 00:17:44.716000,0 days 00:18:08.203000,0 days 00:18:37.989000,249.0,289.0,270.0,312.0,True,MEDIUM,3.0,True,McLaren,0 days 00:17:23.185000,2026-05-22 20:34:35.947,1,,False,,False,True,74.804,74.804
110,0 days 00:20:16.368000,PIA,81,0 days 00:01:38.379000,4.0,1.0,,,29.259,28.641,40.479,0 days 00:19:07.248000,0 days 00:19:35.889000,0 days 00:20:16.368000,190.0,244.0,268.0,132.0,False,MEDIUM,4.0,True,McLaren,0 days 00:18:37.989000,2026-05-22 20:35:50.751,1,,False,,False,True,98.379,98.379
111,0 days 00:21:31.033000,PIA,81,0 days 00:01:14.665000,5.0,1.0,,,21.404,23.685,29.576,0 days 00:20:37.772000,0 days 00:21:01.457000,0 days 00:21:31.033000,249.0,289.0,276.0,314.0,True,MEDIUM,5.0,True,McLaren,0 days 00:20:16.368000,2026-05-22 20:37:29.130,1,,False,,False,True,74.665,74.66499999999999
112,0 days 00:52:02.891000,PIA,81,,6.0,1.0,,0 days 00:23:15.259000,27.727,31.837,,0 days 00:21:58.818000,0 days 00:22:30.702000,,186.0,203.0,,314.0,False,MEDIUM,6.0,True,McLaren,0 days 00:21:31.033000,2026-05-22 20:38:43.795,125,,False,,False,False,,
113,0 days 00:53:58.123000,PIA,81,0 days 00:01:55.232000,7.0,2.0,0 days 00:52:13.312000,,46.175,26.715,42.342,0 days 00:52:49.066000,0 days 00:53:15.781000,0 days 00:53:58.123000,228.0,256.0,276.0,125.0,False,MEDIUM,1.0,True,McLaren,0 days 00:52:13.312000,2026-05-22 21:09:26.074,1,,False,,False,False,115.232,115.232
114,0 days 00:55:24.175000,PIA,81,0 days 00:01:26.052000,8.0,2.0,,,21.97,27.496,36.586,0 days 00:54:20.093000,0 days 00:54:47.589000,0 days 00:55:24.175000,212.0,243.0,278.0,256.0,True,MEDIUM,2.0,True,McLaren,0 days 00:53:58.123000,2026-05-22 21:11:10.885,1,,False,,False,True,86.052,86.05199999999999
115,0 days 00:56:38.033000,PIA,81,0 days 00:01:13.858000,9.0,2.0,,,21.001,23.393,29.464,0 days 00:55:45.176000,0 days 00:56:08.569000,0 days 00:56:38.033000,249.0,288.0,275.0,311.0,True,MEDIUM,3.0,True,McLaren,0 days 00:55:24.175000,2026-05-22 21:12:36.937,1,,False,,False,True,73.858,73.858
116,0 days 01:10:16.089000,PIA,81,,10.0,2.0,,0 days 00:58:10.307000,30.093,33.142,,0 days 00:57:08.191000,0 days 00:57:41.379000,,195.0,218.0,,277.0,False,MEDIUM,4.0,True,McLaren,0 days 00:56:38.033000,2026-05-22 21:13:50.795,1,,False,,False,False,,
117,0 days 01:12:10.837000,PIA,81,0 days 00:01:54.748000,11.0,3.0,0 days 01:10:20.047000,,40.501,26.373,47.874,0 days 01:10:56.590000,0 days 01:11:22.963000,0 days 01:12:10.837000,229.0,265.0,272.0,103.0,False,SOFT,1.0,True,McLaren,0 days 01:10:16.089000,2026-05-22 21:27:28.851,1,,False,,False,False,114.748,114.748
118,0 days 01:13:24.523000,PIA,81,0 days 00:01:13.686000,12.0,3.0,,,21.132,23.179,29.375,0 days 01:12:31.969000,0 days 01:12:55.148000,0 days 01:13:24.523000,250.0,289.0,270.0,313.0,True,SOFT,2.0,True,McLaren,0 days 01:12:10.837000,2026-05-22 21:29:23.599,1,,False,,False,True,73.686,73.686
119,0 days 01:15:06.524000,PIA,81,0 days 00:01:42.001000,13.0,3.0,,,25.65,30.065,46.286,0 days 01:13:50.173000,0 days 01:14:20.238000,0 days 01:15:06.524000,205.0,222.0,271.0,135.0,False,SOFT,3.0,True,McLaren,0 days 01:13:24.523000,2026-05-22 21:30:37.285,1,,False,,False,True,102.001,102.001
120,0 days 01:16:19.823000,PIA,81,0 days 00:01:13.299000,14.0,3.0,,,20.912,23.112,29.275,0 days 01:15:27.436000,0 days 01:15:50.548000,0 days 01:16:19.823000,251.0,288.0,272.0,313.0,True,SOFT,4.0,True,McLaren,0 days 01:15:06.524000,2026-05-22 21:32:19.286,1,,False,,False,True,73.299,73.299
121,0 days 01:17:50.131000,PIA,81,,15.0,3.0,,0 days 01:17:50.131000,25.767,30.411,,0 days 01:16:45.630000,0 days 01:17:16.018000,,193.0,206.0,,232.0,False,SOFT,5.0,True,McLaren,0 days 01:16:19.823000,2026-05-22 21:33:32.585,1,,False,,False,False,,
122,0 days 00:15:02.793000,LIN,41,0 days 00:01:48.280000,1.0,1.0,0 days 00:13:20.523000,,44.312,28.445,35.523,0 days 00:13:58.884000,0 days 00:14:27.315000,0 days 00:15:03.080000,229.0,242.0,238.0,255.0,False,MEDIUM,1.0,True,Racing Bulls,0 days 00:13:20.523000,2026-05-22 20:30:33.285,1,,False,,False,False,108.28,108.28
123,0 days 00:16:39.472000,LIN,41,0 days 00:01:36.679000,2.0,1.0,,,23.553,30.022,43.104,0 days 00:15:26.346000,0 days 00:15:56.368000,0 days 00:16:39.472000,233.0,241.0,273.0,172.0,True,MEDIUM,2.0,True,Racing Bulls,0 days 00:15:02.793000,2026-05-22 20:32:15.555,1,,False,,False,True,96.679,96.679
124,0 days 00:17:54.700000,LIN,41,0 days 00:01:15.228000,3.0,1.0,,,21.74,23.796,29.692,0 days 00:17:01.212000,0 days 00:17:25.008000,0 days 00:17:54.700000,249.0,290.0,278.0,330.0,True,MEDIUM,3.0,True,Racing Bulls,0 days 00:16:39.472000,2026-05-22 20:33:52.234,1,,False,,False,True,75.228,75.22800000000001
125,0 days 00:19:34.789000,LIN,41,0 days 00:01:40.089000,4.0,1.0,,,26.225,32.556,41.308,0 days 00:18:20.925000,0 days 00:18:53.481000,0 days 00:19:34.789000,197.0,221.0,273.0,252.0,False,MEDIUM,4.0,True,Racing Bulls,0 days 00:17:54.700000,2026-05-22 20:35:07.462,1,,False,,False,True,100.089,100.089
126,0 days 00:20:49.306000,LIN,41,0 days 00:01:14.517000,5.0,1.0,,,21.251,23.753,29.513,0 days 00:19:56.040000,0 days 00:20:19.793000,0 days 00:20:49.306000,252.0,288.0,278.0,324.0,True,MEDIUM,5.0,True,Racing Bulls,0 days 00:19:34.789000,2026-05-22 20:36:47.551,1,,False,,False,True,74.517,74.51700000000001
127,0 days 00:22:28.373000,LIN,41,0 days 00:01:39.067000,6.0,1.0,,,24.892,37.345,36.83,0 days 00:21:14.198000,0 days 00:21:51.543000,0 days 00:22:28.373000,197.0,150.0,274.0,257.0,False,MEDIUM,6.0,True,Racing Bulls,0 days 00:20:49.306000,2026-05-22 20:38:02.068,1,,False,,False,True,99.067,99.067
128,0 days 00:51:28.986000,LIN,41,,7.0,1.0,,0 days 00:23:52.507000,21.052,,,0 days 00:22:49.625000,,,252.0,,,257.0,False,MEDIUM,7.0,True,Racing Bulls,0 days 00:22:28.373000,2026-05-22 20:39:41.135,125,,False,,False,False,,
129,0 days 00:53:06.101000,LIN,41,0 days 00:01:37.115000,8.0,2.0,0 days 00:51:33.075000,,32.159,28.048,36.908,0 days 00:52:01.145000,0 days 00:52:29.193000,0 days 00:53:06.101000,229.0,241.0,276.0,250.0,False,MEDIUM,1.0,True,Racing Bulls,0 days 00:51:33.075000,2026-05-22 21:08:45.837,1,,False,,False,False,97.115,97.115
130,0 days 00:54:20.496000,LIN,41,0 days 00:01:14.395000,9.0,2.0,,,21.256,23.58,29.559,0 days 00:53:27.357000,0 days 00:53:50.937000,0 days 00:54:20.496000,251.0,288.0,279.0,322.0,True,MEDIUM,2.0,True,Racing Bulls,0 days 00:53:06.101000,2026-05-22 21:10:18.863,1,,False,,False,True,74.395,74.395
131,0 days 00:55:53.246000,LIN,41,0 days 00:01:32.750000,10.0,2.0,,,25.684,31.058,36.008,0 days 00:54:46.180000,0 days 00:55:17.238000,0 days 00:55:53.246000,192.0,224.0,275.0,247.0,False,MEDIUM,3.0,True,Racing Bulls,0 days 00:54:20.496000,2026-05-22 21:11:33.258,1,,False,,False,True,92.75,92.75
132,0 days 00:57:07.386000,LIN,41,0 days 00:01:14.140000,11.0,2.0,,,21.097,23.566,29.477,0 days 00:56:14.343000,0 days 00:56:37.909000,0 days 00:57:07.386000,250.0,286.0,280.0,320.0,True,MEDIUM,4.0,True,Racing Bulls,0 days 00:55:53.246000,2026-05-22 21:13:06.008,1,,False,,False,True,74.14,74.14
133,0 days 00:58:47.843000,LIN,41,0 days 00:01:40.457000,12.0,2.0,,,25.605,31.563,43.289,0 days 00:57:32.991000,0 days 00:58:04.554000,0 days 00:58:47.843000,189.0,238.0,276.0,190.0,False,MEDIUM,5.0,True,Racing Bulls,0 days 00:57:07.386000,2026-05-22 21:14:20.148,1,,False,,False,True,100.457,100.457
134,0 days 01:00:04.862000,LIN,41,0 days 00:01:17.019000,13.0,2.0,,,21.09,23.541,32.388,0 days 00:59:08.933000,0 days 00:59:32.474000,0 days 01:00:04.862000,252.0,287.0,250.0,321.0,False,MEDIUM,6.0,True,Racing Bulls,0 days 00:58:47.843000,2026-05-22 21:16:00.605,1,,True,TRACK LIMITS AT TURN 10 LAP 14 ,False,True,77.019,77.019
135,0 days 01:10:12.708000,LIN,41,,14.0,2.0,,0 days 01:01:27.062000,25.029,27.907,,0 days 01:00:29.996000,0 days 01:00:57.840000,,214.0,249.0,,263.0,False,MEDIUM,7.0,True,Racing Bulls,0 days 01:00:04.862000,2026-05-22 21:17:17.624,1,,False,,False,False,,
136,0 days 01:11:56.550000,LIN,41,0 days 00:01:43.842000,15.0,3.0,0 days 01:10:16.330000,,32.41,27.687,43.745,0 days 01:10:45.118000,0 days 01:11:12.805000,0 days 01:11:56.550000,236.0,242.0,276.0,240.0,False,SOFT,1.0,True,Racing Bulls,0 days 01:10:12.708000,2026-05-22 21:27:25.470,1,,False,,False,False,103.842,103.84199999999998
137,0 days 01:13:10.535000,LIN,41,0 days 00:01:13.985000,16.0,3.0,,,21.217,23.452,29.316,0 days 01:12:17.767000,0 days 01:12:41.219000,0 days 01:13:10.535000,253.0,288.0,275.0,324.0,True,SOFT,2.0,True,Racing Bulls,0 days 01:11:56.550000,2026-05-22 21:29:09.312,1,,False,,False,True,73.985,73.985
138,0 days 01:14:52.381000,LIN,41,0 days 00:01:41.846000,17.0,3.0,,,26.23,30.708,44.908,0 days 01:13:36.765000,0 days 01:14:07.473000,0 days 01:14:52.381000,191.0,230.0,274.0,246.0,False,SOFT,3.0,True,Racing Bulls,0 days 01:13:10.535000,2026-05-22 21:30:23.297,1,,False,,False,True,101.846,101.846
139,0 days 01:16:06.118000,LIN,41,0 days 00:01:13.737000,18.0,3.0,,,21.013,23.376,29.348,0 days 01:15:13.394000,0 days 01:15:36.770000,0 days 01:16:06.118000,251.0,287.0,277.0,323.0,True,SOFT,4.0,True,Racing Bulls,0 days 01:14:52.381000,2026-05-22 21:32:05.143,1,,False,,False,True,73.737,73.737
140,0 days 01:17:35.743000,LIN,41,,19.0,3.0,,0 days 01:17:35.743000,29.151,30.311,,0 days 01:16:35.299000,0 days 01:17:05.674000,,175.0,234.0,,257.0,False,SOFT,5.0,True,Racing Bulls,0 days 01:16:06.118000,2026-05-22 21:33:18.880,1,,False,,False,False,,
141,0 days 00:15:45.656000,HUL,27,0 days 00:01:33.216000,1.0,1.0,0 days 00:14:14.078000,,27.843,30.363,35.01,0 days 00:14:40.328000,0 days 00:15:10.762000,0 days 00:15:45.998000,193.0,248.0,242.0,274.0,False,MEDIUM,1.0,True,Audi,0 days 00:14:14.078000,2026-05-22 20:31:26.840,1,,False,,False,False,93.216,93.216
142,0 days 00:17:10.577000,HUL,27,0 days 00:01:24.921000,2.0,1.0,,,23.89,26.906,34.125,0 days 00:16:09.546000,0 days 00:16:36.452000,0 days 00:17:10.577000,232.0,252.0,278.0,277.0,True,MEDIUM,2.0,True,Audi,0 days 00:15:45.656000,2026-05-22 20:32:58.418,1,,False,,False,True,84.921,84.92099999999999
143,0 days 00:18:26.866000,HUL,27,0 days 00:01:16.289000,3.0,1.0,,,21.845,23.968,30.476,0 days 00:17:32.422000,0 days 00:17:56.390000,0 days 00:18:26.866000,250.0,289.0,275.0,319.0,True,MEDIUM,3.0,True,Audi,0 days 00:17:10.577000,2026-05-22 20:34:23.339,1,,False,,False,True,76.289,76.289
144,0 days 00:20:08.114000,HUL,27,0 days 00:01:41.248000,4.0,1.0,,,27.712,30.962,42.574,0 days 00:18:54.578000,0 days 00:19:25.540000,0 days 00:20:08.114000,203.0,169.0,277.0,200.0,False,MEDIUM,4.0,True,Audi,0 days 00:18:26.866000,2026-05-22 20:35:39.628,1,,False,,False,True,101.248,101.248
145,0 days 00:21:23.787000,HUL,27,0 days 00:01:15.673000,5.0,1.0,,,21.693,23.78,30.2,0 days 00:20:29.807000,0 days 00:20:53.587000,0 days 00:21:23.787000,250.0,288.0,275.0,315.0,True,MEDIUM,5.0,True,Audi,0 days 00:20:08.114000,2026-05-22 20:37:20.876,1,,False,,False,True,75.673,75.673
146,0 days 00:42:08.651000,HUL,27,,6.0,1.0,,0 days 00:24:59.296000,31.653,32.259,,0 days 00:21:55.522000,0 days 00:22:27.858000,,170.0,255.0,,250.0,False,MEDIUM,6.0,True,Audi,0 days 00:21:23.787000,2026-05-22 20:38:36.549,125,,False,,False,False,,
147,0 days 00:51:57.469000,HUL,27,,7.0,2.0,0 days 00:42:08.651000,0 days 00:43:36.217000,35.099,27.46,,0 days 00:42:40.126000,0 days 00:43:07.570000,,224.0,252.0,,284.0,False,MEDIUM,7.0,False,Audi,0 days 00:42:08.651000,2026-05-22 20:59:21.413,1,,False,,False,False,,
148,0 days 00:53:45.371000,HUL,27,0 days 00:01:47.902000,8.0,3.0,0 days 00:52:08.206000,,44.152,28.423,35.327,0 days 00:52:41.621000,0 days 00:53:10.044000,0 days 00:53:45.371000,214.0,255.0,273.0,262.0,False,MEDIUM,1.0,True,Audi,0 days 00:51:57.469000,2026-05-22 21:09:10.231,1,,False,,False,False,107.902,107.902
149,0 days 00:55:08.083000,HUL,27,0 days 00:01:22.712000,9.0,3.0,,,22.696,24.959,35.057,0 days 00:54:08.067000,0 days 00:54:33.026000,0 days 00:55:08.083000,246.0,290.0,267.0,305.0,True,MEDIUM,2.0,True,Audi,0 days 00:53:45.371000,2026-05-22 21:10:58.133,1,,False,,False,True,82.712,82.712
150,0 days 00:56:36.807000,HUL,27,0 days 00:01:28.724000,10.0,3.0,,,23.255,26.763,38.706,0 days 00:55:31.338000,0 days 00:55:58.101000,0 days 00:56:36.807000,233.0,243.0,275.0,162.0,False,MEDIUM,3.0,True,Audi,0 days 00:55:08.083000,2026-05-22 21:12:20.845,1,,False,,False,True,88.724,88.724
151,0 days 00:57:52.785000,HUL,27,0 days 00:01:15.978000,11.0,3.0,,,21.735,23.913,30.33,0 days 00:56:58.542000,0 days 00:57:22.455000,0 days 00:57:52.785000,249.0,284.0,272.0,308.0,True,MEDIUM,4.0,True,Audi,0 days 00:56:36.807000,2026-05-22 21:13:49.569,1,,False,,False,True,75.978,75.978
152,0 days 00:59:28.485000,HUL,27,0 days 00:01:35.700000,12.0,3.0,,,27.09,33.249,35.361,0 days 00:58:19.875000,0 days 00:58:53.124000,0 days 00:59:28.485000,183.0,252.0,276.0,264.0,False,MEDIUM,5.0,True,Audi,0 days 00:57:52.785000,2026-05-22 21:15:05.547,1,,False,,False,True,95.7,95.7
153,0 days 01:00:43.080000,HUL,27,0 days 00:01:14.595000,13.0,3.0,,,21.324,23.717,29.554,0 days 00:59:49.809000,0 days 01:00:13.526000,0 days 01:00:43.080000,250.0,287.0,271.0,323.0,True,MEDIUM,6.0,True,Audi,0 days 00:59:28.485000,2026-05-22 21:16:41.247,1,,False,,False,True,74.595,74.595
154,0 days 01:02:05.658000,HUL,27,,14.0,3.0,,0 days 01:02:05.658000,25.92,28.17,,0 days 01:01:09.062000,0 days 01:01:37.296000,,204.0,249.0,,278.0,False,MEDIUM,7.0,True,Audi,0 days 01:00:43.080000,2026-05-22 21:17:55.842,1,,False,,False,False,,
155,0 days 00:15:09.979000,ALO,14,0 days 00:01:42.783000,1.0,1.0,0 days 00:13:36.746000,,38.009,26.717,38.057,0 days 00:14:05.321000,0 days 00:14:31.987000,0 days 00:15:10.247000,236.0,247.0,226.0,243.0,False,MEDIUM,1.0,True,Aston Martin,0 days 00:13:36.746000,2026-05-22 20:30:49.508,1,,False,,False,False,102.783,102.783
156,0 days 00:16:44.999000,ALO,14,0 days 00:01:35.020000,2.0,1.0,,,26.978,27.353,40.689,0 days 00:15:36.957000,0 days 00:16:04.310000,0 days 00:16:44.999000,218.0,243.0,254.0,221.0,True,MEDIUM,2.0,True,Aston Martin,0 days 00:15:09.979000,2026-05-22 20:32:22.741,1,,False,,False,True,95.02,95.02
157,0 days 00:18:01.063000,ALO,14,0 days 00:01:16.064000,3.0,1.0,,,21.727,24.186,30.151,0 days 00:17:06.726000,0 days 00:17:30.912000,0 days 00:18:01.063000,245.0,276.0,277.0,308.0,True,MEDIUM,3.0,True,Aston Martin,0 days 00:16:44.999000,2026-05-22 20:33:57.761,1,,False,,False,True,76.064,76.064
158,0 days 00:19:39.223000,ALO,14,0 days 00:01:38.160000,4.0,1.0,,,27.498,30.078,40.584,0 days 00:18:28.561000,0 days 00:18:58.639000,0 days 00:19:39.223000,181.0,233.0,255.0,242.0,False,MEDIUM,4.0,True,Aston Martin,0 days 00:18:01.063000,2026-05-22 20:35:13.825,1,,False,,False,True,98.16,98.16
159,0 days 00:20:54.983000,ALO,14,0 days 00:01:15.760000,5.0,1.0,,,21.386,24.129,30.245,0 days 00:20:00.609000,0 days 00:20:24.738000,0 days 00:20:54.983000,243.0,275.0,276.0,306.0,True,MEDIUM,5.0,True,Aston Martin,0 days 00:19:39.223000,2026-05-22 20:36:51.985,1,,False,,False,True,75.76,75.76
160,0 days 00:22:33.625000,ALO,14,0 days 00:01:38.642000,6.0,1.0,,,26.755,32.757,39.13,0 days 00:21:21.738000,0 days 00:21:54.495000,0 days 00:22:33.625000,184.0,232.0,258.0,241.0,False,MEDIUM,6.0,True,Aston Martin,0 days 00:20:54.983000,2026-05-22 20:38:07.745,1,,False,,False,True,98.642,98.642
161,0 days 00:29:33.049000,ALO,14,,7.0,1.0,,0 days 00:29:33.049000,26.755,,,0 days 00:29:33.049000,,,,,,241.0,False,MEDIUM,7.0,True,Aston Martin,0 days 00:22:33.625000,2026-05-22 20:39:46.387,125,,False,,False,False,,
162,0 days 00:15:22.505000,BOR,5,0 days 00:01:42.981000,1.0,1.0,0 days 00:13:50.934000,,39.579,28.149,35.253,0 days 00:14:19.447000,0 days 00:14:47.312000,0 days 00:15:22.794000,224.0,242.0,238.0,258.0,False,MEDIUM,1.0,True,Audi,0 days 00:13:50.934000,2026-05-22 20:31:03.696,1,,False,,False,False,102.981,102.981
163,0 days 00:17:05.490000,BOR,5,0 days 00:01:42.985000,2.0,1.0,,,23.734,26.914,52.337,0 days 00:15:46.239000,0 days 00:16:13.153000,0 days 00:17:05.490000,232.0,233.0,274.0,205.0,True,MEDIUM,2.0,True,Audi,0 days 00:15:22.505000,2026-05-22 20:32:35.267,1,,False,,False,True,102.985,102.985
164,0 days 00:18:23.464000,BOR,5,0 days 00:01:17.974000,3.0,1.0,,,22.711,24.802,30.461,0 days 00:17:28.201000,0 days 00:17:53.003000,0 days 00:18:23.464000,245.0,286.0,267.0,324.0,True,MEDIUM,3.0,True,Audi,0 days 00:17:05.490000,2026-05-22 20:34:18.252,1,,False,,False,True,77.974,77.97399999999999
165,0 days 00:20:03.401000,BOR,5,0 days 00:01:39.937000,4.0,1.0,,,27.332,30.886,41.719,0 days 00:18:50.796000,0 days 00:19:21.682000,0 days 00:20:03.401000,205.0,215.0,277.0,258.0,False,MEDIUM,4.0,True,Audi,0 days 00:18:23.464000,2026-05-22 20:35:36.226,1,,False,,False,True,99.937,99.937
166,0 days 00:21:19.202000,BOR,5,0 days 00:01:15.801000,5.0,1.0,,,21.543,23.823,30.435,0 days 00:20:24.944000,0 days 00:20:48.767000,0 days 00:21:19.202000,249.0,287.0,269.0,314.0,True,MEDIUM,5.0,True,Audi,0 days 00:20:03.401000,2026-05-22 20:37:16.163,1,,False,,False,True,75.801,75.801
167,0 days 00:42:10.685000,BOR,5,,6.0,1.0,,0 days 00:24:55.530000,29.972,33.872,,0 days 00:21:49.991000,0 days 00:22:23.092000,,151.0,199.0,,256.0,False,MEDIUM,6.0,True,Audi,0 days 00:21:19.202000,2026-05-22 20:38:31.964,125,,False,,False,False,,
168,0 days 00:51:12.621000,BOR,5,,7.0,2.0,0 days 00:42:10.685000,0 days 00:43:38.530000,34.208,27.734,,0 days 00:42:40.876000,0 days 00:43:08.631000,,227.0,251.0,,255.0,False,MEDIUM,7.0,False,Audi,0 days 00:42:10.685000,2026-05-22 20:59:23.447,1,,False,,False,False,,
169,0 days 00:52:52.831000,BOR,5,0 days 00:01:40.210000,8.0,3.0,0 days 00:51:16.772000,,34.948,27.649,37.613,0 days 00:51:47.569000,0 days 00:52:15.218000,0 days 00:52:52.831000,237.0,241.0,277.0,258.0,False,MEDIUM,1.0,True,Audi,0 days 00:51:12.621000,2026-05-22 21:08:25.383,1,,False,,False,False,100.21,100.21
170,0 days 00:54:09.266000,BOR,5,0 days 00:01:16.435000,9.0,3.0,,,22.091,24.224,30.12,0 days 00:53:14.922000,0 days 00:53:39.146000,0 days 00:54:09.266000,249.0,288.0,269.0,322.0,True,MEDIUM,2.0,True,Audi,0 days 00:52:52.831000,2026-05-22 21:10:05.593,1,,False,,False,True,76.435,76.435
171,0 days 00:55:40.998000,BOR,5,0 days 00:01:31.732000,10.0,3.0,,,27.782,29.612,34.338,0 days 00:54:37.048000,0 days 00:55:06.660000,0 days 00:55:40.998000,203.0,245.0,278.0,254.0,False,MEDIUM,3.0,True,Audi,0 days 00:54:09.266000,2026-05-22 21:11:22.028,1,,False,,False,True,91.732,91.732
172,0 days 00:56:55.869000,BOR,5,0 days 00:01:14.871000,11.0,3.0,,,21.406,23.734,29.731,0 days 00:56:02.404000,0 days 00:56:26.138000,0 days 00:56:55.869000,250.0,286.0,274.0,320.0,True,MEDIUM,4.0,True,Audi,0 days 00:55:40.998000,2026-05-22 21:12:53.760,1,,False,,False,True,74.871,74.87100000000001
173,0 days 00:58:38.884000,BOR,5,0 days 00:01:43.015000,12.0,3.0,,,30.822,34.595,37.598,0 days 00:57:26.691000,0 days 00:58:01.286000,0 days 00:58:38.884000,183.0,170.0,277.0,258.0,False,MEDIUM,5.0,True,Audi,0 days 00:56:55.869000,2026-05-22 21:14:08.631,1,,False,,False,True,103.015,103.015
174,0 days 00:59:53.511000,BOR,5,0 days 00:01:14.627000,13.0,3.0,,,21.271,23.716,29.64,0 days 00:59:00.155000,0 days 00:59:23.871000,0 days 00:59:53.511000,250.0,284.0,271.0,316.0,True,MEDIUM,6.0,True,Audi,0 days 00:58:38.884000,2026-05-22 21:15:51.646,1,,False,,False,True,74.627,74.62700000000001
175,0 days 01:01:23.796000,BOR,5,,14.0,3.0,,0 days 01:01:23.796000,25.147,32.75,,0 days 01:00:19.386000,0 days 01:00:51.559000,,202.0,192.0,,258.0,False,MEDIUM,7.0,True,Audi,0 days 00:59:53.511000,2026-05-22 21:17:06.273,1,,False,,False,False,,
176,0 days 00:16:50.702000,HAD,6,0 days 00:01:49.832000,1.0,1.0,0 days 00:15:02.937000,,30.493,30.766,48.573,0 days 00:15:31.481000,0 days 00:16:02.325000,0 days 00:16:50.987000,218.0,242.0,262.0,117.0,False,MEDIUM,1.0,True,Red Bull Racing,0 days 00:15:02.937000,2026-05-22 20:32:15.699,1,,False,,False,False,109.832,109.832
177,0 days 00:18:06.375000,HAD,6,0 days 00:01:15.673000,2.0,1.0,,,22.102,23.838,29.733,0 days 00:17:12.804000,0 days 00:17:36.642000,0 days 00:18:06.375000,245.0,287.0,283.0,313.0,True,MEDIUM,2.0,True,Red Bull Racing,0 days 00:16:50.702000,2026-05-22 20:34:03.464,1,,False,,False,True,75.673,75.673
178,0 days 00:19:43.687000,HAD,6,0 days 00:01:37.312000,3.0,1.0,,,27.514,29.41,40.388,0 days 00:18:33.889000,0 days 00:19:03.299000,0 days 00:19:43.687000,205.0,207.0,257.0,234.0,False,MEDIUM,3.0,True,Red Bull Racing,0 days 00:18:06.375000,2026-05-22 20:35:19.137,1,,False,,False,True,97.312,97.312
179,0 days 00:20:58.228000,HAD,6,0 days 00:01:14.541000,4.0,1.0,,,21.405,23.678,29.458,0 days 00:20:05.092000,0 days 00:20:28.770000,0 days 00:20:58.228000,248.0,288.0,294.0,318.0,True,MEDIUM,4.0,True,Red Bull Racing,0 days 00:19:43.687000,2026-05-22 20:36:56.449,1,,False,,False,True,74.541,74.541
180,0 days 00:22:39.785000,HAD,6,0 days 00:01:41.557000,5.0,1.0,,,27.172,31.158,43.227,0 days 00:21:25.400000,0 days 00:21:56.558000,0 days 00:22:39.785000,172.0,233.0,272.0,182.0,False,MEDIUM,5.0,True,Red Bull Racing,0 days 00:20:58.228000,2026-05-22 20:38:10.990,1,,False,,False,True,101.557,101.557
181,0 days 00:51:51.949000,HAD,6,,6.0,1.0,,0 days 00:24:22.538000,,,,,,,,,,,False,MEDIUM,6.0,True,Red Bull Racing,0 days 00:22:39.785000,2026-05-22 20:39:52.547,125,,False,,False,False,,
182,0 days 00:53:36.094000,HAD,6,0 days 00:01:44.145000,7.0,2.0,0 days 00:51:58.489000,,39.356,28.136,36.653,0 days 00:52:31.305000,0 days 00:52:59.441000,0 days 00:53:36.094000,238.0,230.0,276.0,263.0,False,MEDIUM,1.0,True,Red Bull Racing,0 days 00:51:58.489000,2026-05-22 21:09:11.251,1,,False,,False,False,104.145,104.145
183,0 days 00:54:50.699000,HAD,6,0 days 00:01:14.605000,8.0,2.0,,,21.322,23.69,29.593,0 days 00:53:57.416000,0 days 00:54:21.106000,0 days 00:54:50.699000,251.0,285.0,281.0,314.0,True,MEDIUM,2.0,True,Red Bull Racing,0 days 00:53:36.094000,2026-05-22 21:10:48.856,1,,False,,False,True,74.605,74.605
184,0 days 00:56:26.780000,HAD,6,0 days 00:01:36.081000,9.0,2.0,,,26.173,30.008,39.9,0 days 00:55:16.872000,0 days 00:55:46.880000,0 days 00:56:26.780000,191.0,222.0,275.0,101.0,False,MEDIUM,3.0,True,Red Bull Racing,0 days 00:54:50.699000,2026-05-22 21:12:03.461,1,,False,,False,True,96.081,96.081
185,0 days 00:57:41.019000,HAD,6,0 days 00:01:14.239000,10.0,2.0,,,21.179,23.658,29.402,0 days 00:56:47.959000,0 days 00:57:11.617000,0 days 00:57:41.019000,251.0,287.0,282.0,316.0,True,MEDIUM,4.0,True,Red Bull Racing,0 days 00:56:26.780000,2026-05-22 21:13:39.542,1,,False,,False,True,74.239,74.239
186,0 days 01:08:25.436000,HAD,6,,11.0,2.0,,0 days 00:59:15.104000,32.941,31.138,,0 days 00:58:14.198000,0 days 00:58:45.292000,,163.0,222.0,,286.0,False,MEDIUM,5.0,True,Red Bull Racing,0 days 00:57:41.019000,2026-05-22 21:14:53.781,1,,False,,False,False,,
187,0 days 01:10:00.820000,HAD,6,0 days 00:01:35.384000,12.0,3.0,0 days 01:08:28.436000,,32.102,27.606,35.676,0 days 01:08:57.538000,0 days 01:09:25.144000,0 days 01:10:00.820000,228.0,242.0,232.0,271.0,False,SOFT,1.0,True,Red Bull Racing,0 days 01:08:25.436000,2026-05-22 21:25:38.198,1,,False,,False,False,95.384,95.384
188,0 days 01:11:27.545000,HAD,6,0 days 00:01:26.725000,13.0,3.0,,,24.643,27.101,34.981,0 days 01:10:25.463000,0 days 01:10:52.564000,0 days 01:11:27.545000,227.0,243.0,274.0,250.0,True,SOFT,2.0,True,Red Bull Racing,0 days 01:10:00.820000,2026-05-22 21:27:13.582,1,,False,,False,True,86.725,86.725
189,0 days 01:12:41.150000,HAD,6,0 days 00:01:13.605000,14.0,3.0,,,20.887,23.345,29.373,0 days 01:11:48.432000,0 days 01:12:11.777000,0 days 01:12:41.150000,254.0,286.0,280.0,314.0,True,SOFT,3.0,True,Red Bull Racing,0 days 01:11:27.545000,2026-05-22 21:28:40.307,1,,False,,False,True,73.605,73.605
190,0 days 01:14:16.661000,HAD,6,0 days 00:01:35.511000,15.0,3.0,,,27.083,32.652,35.776,0 days 01:13:08.233000,0 days 01:13:40.885000,0 days 01:14:16.661000,186.0,211.0,273.0,282.0,False,SOFT,4.0,True,Red Bull Racing,0 days 01:12:41.150000,2026-05-22 21:29:53.912,1,,False,,False,True,95.511,95.511
191,0 days 01:15:30.695000,HAD,6,0 days 00:01:14.034000,16.0,3.0,,,21.035,23.659,29.34,0 days 01:14:37.696000,0 days 01:15:01.355000,0 days 01:15:30.695000,251.0,286.0,280.0,315.0,False,SOFT,5.0,True,Red Bull Racing,0 days 01:14:16.661000,2026-05-22 21:31:29.423,1,,False,,False,True,74.034,74.034
192,0 days 01:17:04.093000,HAD,6,,17.0,3.0,,0 days 01:17:04.093000,26.211,30.732,,0 days 01:15:56.977000,0 days 01:16:27.793000,,210.0,215.0,,180.0,False,SOFT,6.0,True,Red Bull Racing,0 days 01:15:30.695000,2026-05-22 21:32:43.457,1,,False,,False,False,,
193,0 days 00:14:56.025000,OCO,31,0 days 00:01:46.711000,1.0,1.0,0 days 00:13:13.962000,,44.136,26.61,35.965,0 days 00:13:53.587000,0 days 00:14:20.198000,0 days 00:14:56.256000,224.0,274.0,237.0,246.0,False,MEDIUM,1.0,True,Haas F1 Team,0 days 00:13:13.962000,2026-05-22 20:30:26.724,1,,False,,False,False,106.711,106.711
194,0 days 00:16:35.366000,OCO,31,0 days 00:01:39.341000,2.0,1.0,,,23.654,26.373,49.314,0 days 00:15:19.679000,0 days 00:15:46.052000,0 days 00:16:35.366000,242.0,261.0,275.0,152.0,True,MEDIUM,2.0,True,Haas F1 Team,0 days 00:14:56.025000,2026-05-22 20:32:08.787,1,,False,,False,True,99.341,99.341
195,0 days 00:17:51.974000,OCO,31,0 days 00:01:16.608000,3.0,1.0,,,22.071,24.405,30.132,0 days 00:16:57.437000,0 days 00:17:21.842000,0 days 00:17:51.974000,247.0,279.0,271.0,317.0,True,MEDIUM,3.0,True,Haas F1 Team,0 days 00:16:35.366000,2026-05-22 20:33:48.128,1,,False,,False,True,76.608,76.608
196,0 days 00:19:23.263000,OCO,31,0 days 00:01:31.289000,4.0,1.0,,,27.302,28.65,35.337,0 days 00:18:19.276000,0 days 00:18:47.926000,0 days 00:19:23.263000,229.0,214.0,277.0,272.0,False,MEDIUM,4.0,True,Haas F1 Team,0 days 00:17:51.974000,2026-05-22 20:35:04.736,1,,False,,False,True,91.289,91.289
197,0 days 00:20:39.023000,OCO,31,0 days 00:01:15.760000,5.0,1.0,,,21.652,24.11,29.998,0 days 00:19:44.915000,0 days 00:20:09.025000,0 days 00:20:39.023000,249.0,282.0,270.0,314.0,True,MEDIUM,5.0,True,Haas F1 Team,0 days 00:19:23.263000,2026-05-22 20:36:36.025,1,,False,,False,True,75.76,75.76
198,0 days 00:22:18.811000,OCO,31,0 days 00:01:39.788000,6.0,1.0,,,24.295,31.212,44.281,0 days 00:21:03.318000,0 days 00:21:34.530000,0 days 00:22:18.811000,206.0,218.0,276.0,167.0,False,MEDIUM,6.0,True,Haas F1 Team,0 days 00:20:39.023000,2026-05-22 20:37:51.785,1,,False,,False,True,99.788,99.788
199,0 days 00:42:02.423000,OCO,31,,7.0,1.0,,0 days 00:23:47.662000,21.667,,,0 days 00:22:40.514000,,,246.0,,,,False,MEDIUM,7.0,True,Haas F1 Team,0 days 00:22:18.811000,2026-05-22 20:39:31.573,125,,False,,False,False,,
200,0 days 00:43:39.969000,OCO,31,0 days 00:01:37.546000,8.0,2.0,0 days 00:42:05.408000,,36.195,26.589,34.762,0 days 00:42:38.618000,0 days 00:43:05.207000,0 days 00:43:39.969000,227.0,276.0,279.0,281.0,False,MEDIUM,8.0,False,Haas F1 Team,0 days 00:42:05.408000,2026-05-22 20:59:18.170,1,,False,,False,False,97.546,97.546
201,0 days 00:51:05.753000,OCO,31,,9.0,2.0,,0 days 00:45:01.699000,24.691,26.877,,0 days 00:44:04.630000,0 days 00:44:31.583000,,217.0,254.0,,218.0,False,MEDIUM,9.0,False,Haas F1 Team,0 days 00:43:39.969000,2026-05-22 21:00:52.731,1,,False,,False,False,,
202,0 days 00:52:42.170000,OCO,31,0 days 00:01:36.417000,10.0,3.0,0 days 00:51:09.089000,,34.378,26.871,35.168,0 days 00:51:40.131000,0 days 00:52:07.002000,0 days 00:52:42.170000,238.0,256.0,236.0,254.0,False,MEDIUM,1.0,True,Haas F1 Team,0 days 00:51:05.753000,2026-05-22 21:08:18.515,1,,False,,False,False,96.417,96.417
203,0 days 00:54:11.987000,OCO,31,0 days 00:01:29.817000,11.0,3.0,,,23.374,25.934,40.509,0 days 00:53:05.544000,0 days 00:53:31.478000,0 days 00:54:11.987000,242.0,262.0,278.0,225.0,True,MEDIUM,2.0,True,Haas F1 Team,0 days 00:52:42.170000,2026-05-22 21:09:54.932,1,,False,,False,True,89.817,89.81700000000001
204,0 days 00:55:27.132000,OCO,31,0 days 00:01:15.145000,12.0,3.0,,,21.517,23.795,29.833,0 days 00:54:33.504000,0 days 00:54:57.299000,0 days 00:55:27.132000,247.0,282.0,276.0,313.0,True,MEDIUM,3.0,True,Haas F1 Team,0 days 00:54:11.987000,2026-05-22 21:11:24.749,1,,False,,False,True,75.145,75.145
205,0 days 00:57:02.436000,OCO,31,0 days 00:01:35.304000,13.0,3.0,,,24.698,29.542,41.064,0 days 00:55:51.830000,0 days 00:56:21.372000,0 days 00:57:02.436000,198.0,204.0,277.0,245.0,False,MEDIUM,4.0,True,Haas F1 Team,0 days 00:55:27.132000,2026-05-22 21:12:39.894,1,,False,,False,True,95.304,95.304
206,0 days 00:58:17.965000,OCO,31,0 days 00:01:15.529000,14.0,3.0,,,21.578,23.973,29.978,0 days 00:57:24.014000,0 days 00:57:47.987000,0 days 00:58:17.965000,244.0,281.0,267.0,318.0,False,MEDIUM,5.0,True,Haas F1 Team,0 days 00:57:02.436000,2026-05-22 21:14:15.198,1,,False,,False,True,75.529,75.529
207,0 days 00:59:47.058000,OCO,31,0 days 00:01:29.093000,15.0,3.0,,,24.15,29.927,35.016,0 days 00:58:42.115000,0 days 00:59:12.042000,0 days 00:59:47.058000,212.0,228.0,276.0,277.0,False,MEDIUM,6.0,True,Haas F1 Team,0 days 00:58:17.965000,2026-05-22 21:15:30.727,1,,False,,False,True,89.093,89.09299999999999
208,0 days 01:01:01.986000,OCO,31,0 days 00:01:14.928000,16.0,3.0,,,21.33,23.775,29.823,0 days 01:00:08.388000,0 days 01:00:32.163000,0 days 01:01:01.986000,245.0,284.0,270.0,316.0,True,MEDIUM,7.0,True,Haas F1 Team,0 days 00:59:47.058000,2026-05-22 21:16:59.820,1,,False,,False,True,74.928,74.928
209,0 days 01:02:36.067000,OCO,31,,17.0,3.0,,0 days 01:02:36.067000,26.964,30.981,,0 days 01:01:29.109000,0 days 01:02:00.062000,,191.0,202.0,,182.0,False,MEDIUM,8.0,True,Haas F1 Team,0 days 01:01:01.986000,2026-05-22 21:18:14.748,1,,False,,False,False,,
210,0 days 00:14:38.426000,SAI,55,0 days 00:01:44.643000,1.0,1.0,0 days 00:12:56.883000,,39.355,26.725,38.563,0 days 00:13:33.184000,0 days 00:14:00.056000,0 days 00:14:38.812000,230.0,281.0,265.0,264.0,False,MEDIUM,1.0,True,Williams,0 days 00:12:56.883000,2026-05-22 20:30:09.645,1,,False,,False,False,104.643,104.643
211,0 days 00:15:55.598000,SAI,55,0 days 00:01:17.172000,2.0,1.0,,,22.532,24.441,30.199,0 days 00:15:00.958000,0 days 00:15:25.399000,0 days 00:15:55.598000,243.0,288.0,273.0,326.0,True,MEDIUM,2.0,True,Williams,0 days 00:14:38.426000,2026-05-22 20:31:51.188,1,,False,,False,True,77.172,77.172
212,0 days 00:17:35.402000,SAI,55,0 days 00:01:39.804000,3.0,1.0,,,28.166,30.877,40.761,0 days 00:16:23.764000,0 days 00:16:54.641000,0 days 00:17:35.402000,212.0,235.0,263.0,261.0,False,MEDIUM,3.0,True,Williams,0 days 00:15:55.598000,2026-05-22 20:33:08.360,1,,False,,False,True,99.804,99.804
213,0 days 00:18:52.136000,SAI,55,0 days 00:01:16.734000,4.0,1.0,,,22.607,24.103,30.024,0 days 00:17:58.009000,0 days 00:18:22.112000,0 days 00:18:52.136000,243.0,290.0,274.0,318.0,True,MEDIUM,4.0,True,Williams,0 days 00:17:35.402000,2026-05-22 20:34:48.164,1,,False,,False,True,76.734,76.73400000000001
214,0 days 00:20:29.592000,SAI,55,0 days 00:01:37.456000,5.0,1.0,,,27.967,31.596,37.893,0 days 00:19:20.103000,0 days 00:19:51.699000,0 days 00:20:29.592000,212.0,193.0,272.0,262.0,False,MEDIUM,5.0,True,Williams,0 days 00:18:52.136000,2026-05-22 20:36:04.898,1,,False,,False,True,97.456,97.456
215,0 days 00:21:45.092000,SAI,55,0 days 00:01:15.500000,6.0,1.0,,,21.67,24.014,29.816,0 days 00:20:51.262000,0 days 00:21:15.276000,0 days 00:21:45.092000,244.0,288.0,275.0,317.0,True,MEDIUM,6.0,True,Williams,0 days 00:20:29.592000,2026-05-22 20:37:42.354,1,,False,,False,True,75.5,75.5
216,0 days 00:41:49.720000,SAI,55,,7.0,1.0,,0 days 00:23:38.800000,30.619,35.074,,0 days 00:22:15.842000,0 days 00:22:50.962000,,161.0,184.0,,,False,MEDIUM,7.0,True,Williams,0 days 00:21:45.092000,2026-05-22 20:38:57.854,125,,False,,False,False,,
217,0 days 00:43:25.518000,SAI,55,,8.0,2.0,0 days 00:41:49.720000,,,27.534,36.696,,0 days 00:42:48.831000,0 days 00:43:25.721000,217.0,235.0,267.0,246.0,False,MEDIUM,8.0,False,Williams,0 days 00:41:49.720000,2026-05-22 20:59:02.482,1,,False,,False,False,,
218,0 days 00:44:42.883000,SAI,55,0 days 00:01:17.365000,9.0,2.0,,,21.75,24.179,31.436,0 days 00:43:47.268000,0 days 00:44:11.447000,0 days 00:44:42.883000,245.0,287.0,257.0,315.0,False,MEDIUM,9.0,False,Williams,0 days 00:43:25.518000,2026-05-22 21:00:38.280,1,,True,TRACK LIMITS AT TURN 14 LAP 10 ,False,True,77.365,77.36500000000001
219,0 days 00:51:32.326000,SAI,55,,10.0,2.0,,0 days 00:46:07.293000,27.963,27.387,,0 days 00:45:10.840000,0 days 00:45:38.262000,,205.0,267.0,,280.0,False,MEDIUM,10.0,False,Williams,0 days 00:44:42.883000,2026-05-22 21:01:55.645,1,,False,,False,False,,
220,0 days 00:53:14.548000,SAI,55,0 days 00:01:42.222000,11.0,3.0,0 days 00:51:35.403000,,37.253,28.08,36.889,0 days 00:52:09.579000,0 days 00:52:37.659000,0 days 00:53:14.548000,218.0,240.0,270.0,252.0,False,MEDIUM,1.0,True,Williams,0 days 00:51:32.326000,2026-05-22 21:08:45.088,1,,False,,False,False,102.222,102.222
221,0 days 00:54:29.843000,SAI,55,0 days 00:01:15.295000,12.0,3.0,,,21.641,23.946,29.708,0 days 00:53:36.189000,0 days 00:54:00.135000,0 days 00:54:29.843000,246.0,289.0,276.0,321.0,True,MEDIUM,2.0,True,Williams,0 days 00:53:14.548000,2026-05-22 21:10:27.310,1,,False,,False,True,75.295,75.295
222,0 days 00:56:19.895000,SAI,55,0 days 00:01:50.052000,13.0,3.0,,,31.644,36.711,41.697,0 days 00:55:01.487000,0 days 00:55:38.198000,0 days 00:56:19.895000,182.0,204.0,269.0,248.0,False,MEDIUM,3.0,True,Williams,0 days 00:54:29.843000,2026-05-22 21:11:42.605,1,,False,,False,True,110.052,110.052
223,0 days 00:57:34.723000,SAI,55,0 days 00:01:14.828000,14.0,3.0,,,21.448,23.819,29.561,0 days 00:56:41.343000,0 days 00:57:05.162000,0 days 00:57:34.723000,244.0,289.0,275.0,319.0,True,MEDIUM,4.0,True,Williams,0 days 00:56:19.895000,2026-05-22 21:13:32.657,1,,False,,False,True,74.828,74.828
224,0 days 00:59:12.571000,SAI,55,0 days 00:01:37.848000,15.0,3.0,,,26.133,30.085,41.63,0 days 00:58:00.856000,0 days 00:58:30.941000,0 days 00:59:12.571000,199.0,241.0,241.0,273.0,False,MEDIUM,5.0,True,Williams,0 days 00:57:34.723000,2026-05-22 21:14:47.485,1,,False,,False,True,97.848,97.848
225,0 days 01:00:40.502000,SAI,55,0 days 00:01:27.931000,16.0,3.0,,,24.956,27.757,35.218,0 days 00:59:37.527000,0 days 01:00:05.284000,0 days 01:00:40.502000,219.0,236.0,272.0,260.0,False,MEDIUM,6.0,True,Williams,0 days 00:59:12.571000,2026-05-22 21:16:25.333,1,,False,,False,True,87.931,87.93100000000001
226,0 days 01:01:55.049000,SAI,55,0 days 00:01:14.547000,17.0,3.0,,,21.263,23.661,29.623,0 days 01:01:01.765000,0 days 01:01:25.426000,0 days 01:01:55.049000,244.0,289.0,273.0,314.0,True,MEDIUM,7.0,True,Williams,0 days 01:00:40.502000,2026-05-22 21:17:53.264,1,,False,,False,True,74.547,74.54700000000001
227,0 days 01:08:33.137000,SAI,55,,18.0,3.0,,0 days 01:03:23.747000,28.261,31.346,,0 days 01:02:23.478000,0 days 01:02:54.840000,,182.0,218.0,,278.0,False,MEDIUM,8.0,True,Williams,0 days 01:01:55.049000,2026-05-22 21:19:07.811,1,,False,,False,False,,
228,0 days 01:10:11.960000,SAI,55,0 days 00:01:38.823000,19.0,4.0,0 days 01:08:35.420000,,35.58,27.642,35.601,0 days 01:09:08.717000,0 days 01:09:36.359000,0 days 01:10:11.960000,226.0,249.0,296.0,281.0,False,SOFT,1.0,True,Williams,0 days 01:08:33.137000,2026-05-22 21:25:45.899,1,,False,,False,False,98.823,98.823
229,0 days 01:11:41.877000,SAI,55,0 days 00:01:29.917000,20.0,4.0,,,23.169,27.424,39.324,0 days 01:10:35.129000,0 days 01:11:02.553000,0 days 01:11:41.877000,234.0,241.0,272.0,249.0,False,SOFT,2.0,True,Williams,0 days 01:10:11.960000,2026-05-22 21:27:24.722,1,,True,TRACK LIMITS AT TURN 2 LAP 21 ,False,True,89.917,89.917
230,0 days 01:12:56.506000,SAI,55,0 days 00:01:14.629000,21.0,4.0,,,21.408,23.683,29.538,0 days 01:12:03.285000,0 days 01:12:26.968000,0 days 01:12:56.506000,247.0,289.0,276.0,319.0,True,SOFT,3.0,True,Williams,0 days 01:11:41.877000,2026-05-22 21:28:54.639,1,,False,,False,True,74.629,74.629
231,0 days 01:14:36.832000,SAI,55,0 days 00:01:40.326000,22.0,4.0,,,30.654,31.817,37.855,0 days 01:13:27.160000,0 days 01:13:58.977000,0 days 01:14:36.832000,175.0,242.0,269.0,253.0,False,SOFT,4.0,True,Williams,0 days 01:12:56.506000,2026-05-22 21:30:09.268,1,,False,,False,True,100.326,100.326
232,0 days 01:15:51.368000,SAI,55,0 days 00:01:14.536000,23.0,4.0,,,21.305,23.726,29.505,0 days 01:14:58.137000,0 days 01:15:21.863000,0 days 01:15:51.368000,245.0,288.0,275.0,320.0,True,SOFT,5.0,True,Williams,0 days 01:14:36.832000,2026-05-22 21:31:49.594,1,,False,,False,True,74.536,74.536
233,0 days 01:17:21.259000,SAI,55,,24.0,4.0,,0 days 01:17:21.259000,29.263,30.1,,0 days 01:16:20.672000,0 days 01:16:50.800000,,180.0,252.0,,276.0,False,SOFT,6.0,True,Williams,0 days 01:15:51.368000,2026-05-22 21:33:04.130,1,,False,,False,False,,
234,0 days 00:16:28.184000,GAS,10,0 days 00:01:31.999000,1.0,1.0,0 days 00:14:57.740000,,28.87,27.37,35.759,0 days 00:15:25.059000,0 days 00:15:52.459000,0 days 00:16:28.369000,212.0,268.0,273.0,279.0,False,MEDIUM,1.0,True,Alpine,0 days 00:14:57.740000,2026-05-22 20:32:10.502,1,,False,,False,False,91.999,91.999
235,0 days 00:17:54.806000,GAS,10,0 days 00:01:26.622000,2.0,1.0,,,23.674,27.013,35.935,0 days 00:16:51.858000,0 days 00:17:18.871000,0 days 00:17:54.806000,230.0,246.0,302.0,282.0,True,MEDIUM,2.0,True,Alpine,0 days 00:16:28.184000,2026-05-22 20:33:40.946,1,,False,,False,True,86.622,86.622
236,0 days 00:19:11.448000,GAS,10,0 days 00:01:16.642000,3.0,1.0,,,22.003,24.23,30.409,0 days 00:18:16.809000,0 days 00:18:41.039000,0 days 00:19:11.448000,240.0,282.0,269.0,313.0,True,MEDIUM,3.0,True,Alpine,0 days 00:17:54.806000,2026-05-22 20:35:07.568,1,,False,,False,True,76.642,76.642
237,0 days 00:20:54.338000,GAS,10,0 days 00:01:42.890000,4.0,1.0,,,29.669,31.512,41.709,0 days 00:19:41.117000,0 days 00:20:12.629000,0 days 00:20:54.338000,218.0,242.0,242.0,253.0,False,MEDIUM,4.0,True,Alpine,0 days 00:19:11.448000,2026-05-22 20:36:24.210,1,,False,,False,True,102.89,102.89
238,0 days 00:22:11.016000,GAS,10,0 days 00:01:16.678000,5.0,1.0,,,22.311,24.225,30.142,0 days 00:21:16.649000,0 days 00:21:40.874000,0 days 00:22:11.016000,238.0,282.0,270.0,312.0,False,MEDIUM,5.0,True,Alpine,0 days 00:20:54.338000,2026-05-22 20:38:07.100,1,,False,,False,True,76.678,76.678
239,0 days 00:42:09.187000,GAS,10,,6.0,1.0,,0 days 00:24:12.710000,32.707,,,0 days 00:22:43.901000,,,132.0,,,,False,MEDIUM,6.0,True,Alpine,0 days 00:22:11.016000,2026-05-22 20:39:23.778,125,,False,,False,False,,
240,0 days 00:43:38.100000,GAS,10,0 days 00:01:28.913000,7.0,2.0,0 days 00:42:11.807000,,28.4,26.846,33.667,0 days 00:42:37.587000,0 days 00:43:04.433000,0 days 00:43:38.100000,224.0,225.0,300.0,279.0,False,MEDIUM,7.0,False,Alpine,0 days 00:42:11.807000,2026-05-22 20:59:24.569,1,,False,,False,False,88.913,88.913
241,0 days 00:44:59.074000,GAS,10,,8.0,2.0,,0 days 00:44:59.074000,22.254,27.128,,0 days 00:44:00.349000,0 days 00:44:27.564000,,241.0,249.0,,192.0,False,MEDIUM,8.0,False,Alpine,0 days 00:43:38.100000,2026-05-22 21:00:50.862,1,,False,,False,False,,
242,0 days 00:15:15.190000,STR,18,0 days 00:01:42.141000,1.0,1.0,0 days 00:13:42.730000,,38.939,27.451,35.751,0 days 00:14:12.087000,0 days 00:14:39.564000,0 days 00:15:15.419000,227.0,260.0,252.0,240.0,False,MEDIUM,1.0,True,Aston Martin,0 days 00:13:42.730000,2026-05-22 20:30:55.492,1,,False,,False,False,102.141,102.141
243,0 days 00:16:55.836000,STR,18,0 days 00:01:40.646000,2.0,1.0,,,25.486,28.819,46.341,0 days 00:15:40.676000,0 days 00:16:09.495000,0 days 00:16:55.836000,217.0,228.0,252.0,141.0,True,MEDIUM,2.0,True,Aston Martin,0 days 00:15:15.190000,2026-05-22 20:32:27.952,1,,False,,False,True,100.646,100.646
244,0 days 00:18:13.117000,STR,18,0 days 00:01:17.281000,3.0,1.0,,,22.214,24.506,30.561,0 days 00:17:18.050000,0 days 00:17:42.556000,0 days 00:18:13.117000,242.0,277.0,268.0,306.0,True,MEDIUM,3.0,True,Aston Martin,0 days 00:16:55.836000,2026-05-22 20:34:08.598,1,,False,,False,True,77.281,77.281
245,0 days 00:19:48.974000,STR,18,0 days 00:01:35.857000,4.0,1.0,,,26.442,29.016,40.399,0 days 00:18:39.559000,0 days 00:19:08.575000,0 days 00:19:48.974000,180.0,227.0,251.0,232.0,False,MEDIUM,4.0,True,Aston Martin,0 days 00:18:13.117000,2026-05-22 20:35:25.879,1,,False,,False,True,95.857,95.857
246,0 days 00:21:05.328000,STR,18,0 days 00:01:16.354000,5.0,1.0,,,21.845,24.335,30.174,0 days 00:20:10.819000,0 days 00:20:35.154000,0 days 00:21:05.328000,240.0,276.0,281.0,309.0,True,MEDIUM,5.0,True,Aston Martin,0 days 00:19:48.974000,2026-05-22 20:37:01.736,1,,False,,False,True,76.354,76.354
247,0 days 00:22:43.141000,STR,18,0 days 00:01:37.813000,6.0,1.0,,,29.803,29.836,38.174,0 days 00:21:35.131000,0 days 00:22:04.967000,0 days 00:22:43.141000,170.0,239.0,256.0,226.0,False,MEDIUM,6.0,True,Aston Martin,0 days 00:21:05.328000,2026-05-22 20:38:18.090,1,,False,,False,True,97.813,97.813
248,0 days 00:41:51.257000,STR,18,,7.0,1.0,,0 days 00:24:24.397000,,,,,,,,,,,False,MEDIUM,7.0,True,Aston Martin,0 days 00:22:43.141000,2026-05-22 20:39:55.903,125,,False,,False,False,,
249,0 days 00:43:28.799000,STR,18,,8.0,2.0,0 days 00:41:51.257000,,,28.7,36.91,,0 days 00:42:51.889000,0 days 00:43:28.939000,217.0,222.0,269.0,234.0,False,MEDIUM,8.0,False,Aston Martin,0 days 00:41:51.257000,2026-05-22 20:59:04.019,1,,False,,False,False,,
250,0 days 00:44:45.777000,STR,18,,9.0,2.0,,0 days 00:44:45.777000,22.268,24.557,,0 days 00:43:51.083000,0 days 00:44:15.710000,,242.0,273.0,,222.0,False,MEDIUM,9.0,False,Aston Martin,0 days 00:43:28.799000,2026-05-22 21:00:41.561,1,,False,,False,False,,
251,0 days 00:14:46.346000,BEA,87,0 days 00:01:44.438000,1.0,1.0,0 days 00:13:04.758000,,39.567,27.824,37.047,0 days 00:13:41.496000,0 days 00:14:09.431000,0 days 00:14:46.692000,223.0,270.0,244.0,247.0,False,MEDIUM,1.0,True,Haas F1 Team,0 days 00:13:04.758000,2026-05-22 20:30:17.520,1,,False,,False,False,104.438,104.438
252,0 days 00:16:10.811000,BEA,87,0 days 00:01:24.465000,2.0,1.0,,,23.951,26.248,34.266,0 days 00:15:10.297000,0 days 00:15:36.545000,0 days 00:16:10.811000,238.0,258.0,274.0,275.0,True,MEDIUM,2.0,True,Haas F1 Team,0 days 00:14:46.346000,2026-05-22 20:31:59.108,1,,False,,False,True,84.465,84.465
253,0 days 00:17:27.473000,BEA,87,0 days 00:01:16.662000,3.0,1.0,,,22.15,24.131,30.381,0 days 00:16:32.961000,0 days 00:16:57.092000,0 days 00:17:27.473000,247.0,285.0,272.0,316.0,True,MEDIUM,3.0,True,Haas F1 Team,0 days 00:16:10.811000,2026-05-22 20:33:23.573,1,,False,,False,True,76.662,76.662
254,0 days 00:19:05.791000,BEA,87,0 days 00:01:38.318000,4.0,1.0,,,27.467,30.301,40.55,0 days 00:17:54.940000,0 days 00:18:25.241000,0 days 00:19:05.791000,187.0,213.0,277.0,164.0,False,MEDIUM,4.0,True,Haas F1 Team,0 days 00:17:27.473000,2026-05-22 20:34:40.235,1,,False,,False,True,98.318,98.318
255,0 days 00:20:21.663000,BEA,87,0 days 00:01:15.872000,5.0,1.0,,,21.842,24.052,29.978,0 days 00:19:27.633000,0 days 00:19:51.685000,0 days 00:20:21.663000,248.0,285.0,270.0,318.0,True,MEDIUM,5.0,True,Haas F1 Team,0 days 00:19:05.791000,2026-05-22 20:36:18.553,1,,False,,False,True,75.872,75.872
256,0 days 00:22:08.932000,BEA,87,0 days 00:01:47.269000,6.0,1.0,,,37.802,30.956,38.511,0 days 00:20:59.465000,0 days 00:21:30.421000,0 days 00:22:08.932000,156.0,275.0,275.0,188.0,False,MEDIUM,6.0,True,Haas F1 Team,0 days 00:20:21.663000,2026-05-22 20:37:34.425,1,,False,,False,True,107.269,107.269
257,0 days 00:42:01.044000,BEA,87,,7.0,1.0,,0 days 00:23:36.914000,21.649,24.102,,0 days 00:22:30.702000,0 days 00:22:54.889000,,246.0,285.0,,,False,MEDIUM,7.0,True,Haas F1 Team,0 days 00:22:08.932000,2026-05-22 20:39:21.694,125,,False,,False,False,,
258,0 days 00:43:37.077000,BEA,87,0 days 00:01:36.033000,8.0,2.0,0 days 00:42:04.395000,,35.4,26.554,34.079,0 days 00:42:36.444000,0 days 00:43:02.998000,0 days 00:43:37.077000,234.0,254.0,276.0,273.0,False,MEDIUM,8.0,False,Haas F1 Team,0 days 00:42:04.395000,2026-05-22 20:59:17.157,1,,False,,False,False,96.033,96.033
259,0 days 00:51:06.219000,BEA,87,,9.0,2.0,,0 days 00:44:55.418000,22.856,26.719,,0 days 00:43:59.974000,0 days 00:44:26.611000,,235.0,250.0,,276.0,False,MEDIUM,9.0,False,Haas F1 Team,0 days 00:43:37.077000,2026-05-22 21:00:49.839,1,,False,,False,False,,
260,0 days 00:52:38.011000,BEA,87,,10.0,3.0,0 days 00:51:06.219000,,,27.52,35.439,,0 days 00:52:02.622000,0 days 00:52:38.020000,226.0,258.0,238.0,249.0,False,MEDIUM,1.0,True,Haas F1 Team,0 days 00:51:06.219000,2026-05-22 21:08:18.981,1,,False,,False,False,,
261,0 days 00:54:06.982000,BEA,87,0 days 00:01:28.971000,11.0,3.0,,,23.154,26.148,39.669,0 days 00:53:01.165000,0 days 00:53:27.313000,0 days 00:54:06.982000,244.0,251.0,277.0,200.0,True,MEDIUM,2.0,True,Haas F1 Team,0 days 00:52:38.011000,2026-05-22 21:09:50.773,1,,False,,False,True,88.971,88.971
262,0 days 00:55:22.287000,BEA,87,0 days 00:01:15.305000,12.0,3.0,,,21.402,24.001,29.902,0 days 00:54:28.384000,0 days 00:54:52.385000,0 days 00:55:22.287000,247.0,284.0,272.0,321.0,True,MEDIUM,3.0,True,Haas F1 Team,0 days 00:54:06.982000,2026-05-22 21:11:19.744,1,,False,,False,True,75.305,75.305
263,0 days 00:56:57.963000,BEA,87,0 days 00:01:35.676000,13.0,3.0,,,28.268,27.985,39.423,0 days 00:55:50.555000,0 days 00:56:18.540000,0 days 00:56:57.963000,218.0,265.0,278.0,207.0,False,MEDIUM,4.0,True,Haas F1 Team,0 days 00:55:22.287000,2026-05-22 21:12:35.049,1,,False,,False,True,95.676,95.676
264,0 days 00:58:28.992000,BEA,87,0 days 00:01:31.029000,14.0,3.0,,,28.929,27.218,34.882,0 days 00:57:26.892000,0 days 00:57:54.110000,0 days 00:58:28.992000,188.0,276.0,278.0,249.0,False,MEDIUM,5.0,True,Haas F1 Team,0 days 00:56:57.963000,2026-05-22 21:14:10.725,1,,False,,False,True,91.029,91.029
265,0 days 00:59:59.943000,BEA,87,0 days 00:01:30.951000,15.0,3.0,,,21.311,30.89,38.75,0 days 00:58:50.303000,0 days 00:59:21.193000,0 days 00:59:59.943000,244.0,174.0,277.0,266.0,False,MEDIUM,6.0,True,Haas F1 Team,0 days 00:58:28.992000,2026-05-22 21:15:41.754,1,,True,TRACK LIMITS AT TURN 8 LAP 16 ,False,True,90.951,90.951
266,0 days 01:01:15.140000,BEA,87,0 days 00:01:15.197000,16.0,3.0,,,21.174,23.992,30.031,0 days 01:00:21.117000,0 days 01:00:45.109000,0 days 01:01:15.140000,246.0,282.0,267.0,315.0,True,MEDIUM,7.0,True,Haas F1 Team,0 days 00:59:59.943000,2026-05-22 21:17:12.705,1,,False,,False,True,75.197,75.197
267,0 days 01:02:37.866000,BEA,87,,17.0,3.0,,0 days 01:02:37.866000,24.85,26.62,,0 days 01:01:40.077000,0 days 01:02:06.642000,,230.0,255.0,,236.0,False,MEDIUM,8.0,True,Haas F1 Team,0 days 01:01:15.140000,2026-05-22 21:18:27.902,1,,False,,False,False,,
268,0 days 00:14:39.406000,BOT,77,0 days 00:01:43.269000,1.0,1.0,0 days 00:12:58.946000,,38.648,28.402,36.219,0 days 00:13:34.934000,0 days 00:14:03.243000,0 days 00:14:39.578000,221.0,256.0,272.0,272.0,False,MEDIUM,1.0,True,Cadillac,0 days 00:12:58.946000,2026-05-22 20:30:11.708,1,,False,,False,False,103.269,103.269
269,0 days 00:16:02.951000,BOT,77,0 days 00:01:23.545000,2.0,1.0,,,23.253,25.893,34.399,0 days 00:15:02.659000,0 days 00:15:28.552000,0 days 00:16:02.951000,238.0,259.0,274.0,273.0,True,MEDIUM,2.0,True,Cadillac,0 days 00:14:39.406000,2026-05-22 20:31:52.168,1,,False,,False,True,83.545,83.545
270,0 days 00:17:20.593000,BOT,77,0 days 00:01:17.642000,3.0,1.0,,,22.081,24.914,30.647,0 days 00:16:25.032000,0 days 00:16:49.946000,0 days 00:17:20.593000,236.0,279.0,256.0,308.0,True,MEDIUM,3.0,True,Cadillac,0 days 00:16:02.951000,2026-05-22 20:33:15.713,1,,False,,False,True,77.642,77.642
271,0 days 00:18:56.172000,BOT,77,0 days 00:01:35.579000,4.0,1.0,,,26.164,29.772,39.643,0 days 00:17:46.757000,0 days 00:18:16.529000,0 days 00:18:56.172000,202.0,254.0,274.0,272.0,False,MEDIUM,4.0,True,Cadillac,0 days 00:17:20.593000,2026-05-22 20:34:33.355,1,,False,,False,True,95.579,95.579
272,0 days 00:20:13.038000,BOT,77,0 days 00:01:16.866000,5.0,1.0,,,21.993,24.523,30.35,0 days 00:19:18.165000,0 days 00:19:42.688000,0 days 00:20:13.038000,236.0,280.0,266.0,311.0,True,MEDIUM,5.0,True,Cadillac,0 days 00:18:56.172000,2026-05-22 20:36:08.934,1,,False,,False,True,76.866,76.866
273,0 days 00:21:49.885000,BOT,77,0 days 00:01:36.847000,6.0,1.0,,,27.094,33.284,36.469,0 days 00:20:40.132000,0 days 00:21:13.416000,0 days 00:21:49.885000,191.0,240.0,273.0,280.0,False,MEDIUM,6.0,True,Cadillac,0 days 00:20:13.038000,2026-05-22 20:37:25.800,1,,False,,False,True,96.847,96.847
274,0 days 00:42:11.448000,BOT,77,,7.0,1.0,,0 days 00:24:57.108000,21.934,24.437,,0 days 00:22:11.873000,0 days 00:22:36.311000,,236.0,277.0,,309.0,False,MEDIUM,7.0,True,Cadillac,0 days 00:21:49.885000,2026-05-22 20:39:02.647,125,,False,,False,False,,
275,0 days 00:43:39.498000,BOT,77,,8.0,2.0,0 days 00:42:11.448000,0 days 00:43:39.498000,33.498,27.579,,0 days 00:42:41.157000,0 days 00:43:08.757000,,222.0,270.0,,280.0,False,MEDIUM,8.0,False,Cadillac,0 days 00:42:11.448000,2026-05-22 20:59:24.210,1,,False,,False,False,,
276,0 days 00:15:25.672000,PER,11,0 days 00:01:33.045000,1.0,1.0,0 days 00:13:54.885000,,29.317,27.825,35.903,0 days 00:14:22.003000,0 days 00:14:49.889000,0 days 00:15:26.012000,221.0,246.0,271.0,267.0,False,MEDIUM,1.0,True,Cadillac,0 days 00:13:54.885000,2026-05-22 20:31:07.647,1,,False,,False,False,93.045,93.045
277,0 days 00:16:46.892000,PER,11,0 days 00:01:21.220000,2.0,1.0,,,22.507,25.285,33.428,0 days 00:15:48.179000,0 days 00:16:13.464000,0 days 00:16:46.892000,240.0,272.0,256.0,275.0,True,MEDIUM,2.0,True,Cadillac,0 days 00:15:25.672000,2026-05-22 20:32:38.434,1,,False,,False,True,81.22,81.22
278,0 days 00:18:10.258000,PER,11,0 days 00:01:23.366000,3.0,1.0,,,22.375,25.827,35.164,0 days 00:17:09.267000,0 days 00:17:35.094000,0 days 00:18:10.258000,236.0,258.0,276.0,276.0,False,MEDIUM,3.0,True,Cadillac,0 days 00:16:46.892000,2026-05-22 20:33:59.654,1,,False,,False,True,83.366,83.366
279,0 days 00:19:27.057000,PER,11,0 days 00:01:16.799000,4.0,1.0,,,21.677,24.461,30.661,0 days 00:18:31.935000,0 days 00:18:56.396000,0 days 00:19:27.057000,240.0,274.0,258.0,304.0,True,MEDIUM,4.0,True,Cadillac,0 days 00:18:10.258000,2026-05-22 20:35:23.020,1,,False,,False,True,76.799,76.799
280,0 days 00:21:05.089000,PER,11,0 days 00:01:38.032000,5.0,1.0,,,27.32,34.804,35.908,0 days 00:19:54.377000,0 days 00:20:29.181000,0 days 00:21:05.089000,214.0,184.0,276.0,279.0,False,MEDIUM,5.0,True,Cadillac,0 days 00:19:27.057000,2026-05-22 20:36:39.819,1,,False,,False,True,98.032,98.032
281,0 days 00:22:21.091000,PER,11,0 days 00:01:16.002000,6.0,1.0,,,21.563,24.282,30.157,0 days 00:21:26.652000,0 days 00:21:50.934000,0 days 00:22:21.091000,242.0,281.0,274.0,312.0,True,MEDIUM,6.0,True,Cadillac,0 days 00:21:05.089000,2026-05-22 20:38:17.851,1,,False,,False,True,76.002,76.002
282,0 days 00:42:13.231000,PER,11,,7.0,1.0,,0 days 00:24:18.257000,27.187,,,0 days 00:22:48.378000,,,187.0,,,,False,MEDIUM,7.0,True,Cadillac,0 days 00:22:21.091000,2026-05-22 20:39:33.853,125,,False,,False,False,,
283,0 days 00:43:40.795000,PER,11,,8.0,2.0,0 days 00:42:13.231000,0 days 00:43:40.795000,29.783,28.293,,0 days 00:42:41.423000,0 days 00:43:09.817000,,219.0,250.0,,295.0,False,MEDIUM,8.0,False,Cadillac,0 days 00:42:13.231000,2026-05-22 20:59:25.993,1,,False,,False,False,,
284,0 days 00:16:28.977000,COL,43,0 days 00:01:33.778000,1.0,1.0,0 days 00:14:56.818000,,28.711,27.822,37.245,0 days 00:15:23.981000,0 days 00:15:51.859000,0 days 00:16:29.197000,204.0,237.0,284.0,258.0,False,MEDIUM,1.0,True,Alpine,0 days 00:14:56.818000,2026-05-22 20:32:09.580,1,,False,,False,False,93.778,93.778
285,0 days 00:18:00.375000,COL,43,0 days 00:01:31.398000,2.0,1.0,,,23.817,30.192,37.389,0 days 00:16:52.794000,0 days 00:17:22.986000,0 days 00:18:00.375000,230.0,226.0,291.0,255.0,True,MEDIUM,2.0,True,Alpine,0 days 00:16:28.977000,2026-05-22 20:33:41.739,1,,False,,False,True,91.398,91.398
286,0 days 00:19:17.337000,COL,43,0 days 00:01:16.962000,3.0,1.0,,,22.104,24.407,30.451,0 days 00:18:22.479000,0 days 00:18:46.886000,0 days 00:19:17.337000,240.0,284.0,270.0,316.0,True,MEDIUM,3.0,True,Alpine,0 days 00:18:00.375000,2026-05-22 20:35:13.137,1,,False,,False,True,76.962,76.96199999999999
287,0 days 00:20:58.075000,COL,43,0 days 00:01:40.738000,4.0,1.0,,,30.569,32.69,37.479,0 days 00:19:47.906000,0 days 00:20:20.596000,0 days 00:20:58.075000,188.0,173.0,301.0,254.0,False,MEDIUM,4.0,True,Alpine,0 days 00:19:17.337000,2026-05-22 20:36:30.099,1,,False,,False,True,100.738,100.738
288,0 days 00:22:13.559000,COL,43,0 days 00:01:15.484000,5.0,1.0,,,21.502,24.017,29.965,0 days 00:21:19.577000,0 days 00:21:43.594000,0 days 00:22:13.559000,241.0,285.0,275.0,316.0,True,MEDIUM,5.0,True,Alpine,0 days 00:20:58.075000,2026-05-22 20:38:10.837,1,,False,,False,True,75.484,75.484
289,0 days 00:42:14.216000,COL,43,,6.0,1.0,,0 days 00:24:06.147000,32.811,,,0 days 00:22:46.491000,,,159.0,,,,False,MEDIUM,6.0,True,Alpine,0 days 00:22:13.559000,2026-05-22 20:39:26.321,125,,False,,False,False,,
290,0 days 00:43:53.228000,COL,43,0 days 00:01:39.012000,7.0,2.0,0 days 00:42:16.691000,,32.631,27.697,38.684,0 days 00:42:46.847000,0 days 00:43:14.544000,0 days 00:43:53.228000,220.0,267.0,286.0,155.0,False,MEDIUM,7.0,False,Alpine,0 days 00:42:16.691000,2026-05-22 20:59:29.453,1,,False,,False,False,99.012,99.012
291,0 days 00:51:02.276000,COL,43,,8.0,2.0,,0 days 00:45:12.262000,22.68,24.97,,0 days 00:44:15.864000,0 days 00:44:40.864000,,239.0,281.0,,216.0,False,MEDIUM,8.0,False,Alpine,0 days 00:43:53.228000,2026-05-22 21:01:05.990,1,,False,,False,False,,
292,0 days 00:52:34.302000,COL,43,,9.0,3.0,0 days 00:51:02.276000,,,27.028,35.651,,0 days 00:51:58.802000,0 days 00:52:34.436000,221.0,265.0,285.0,252.0,False,MEDIUM,1.0,True,Alpine,0 days 00:51:02.276000,2026-05-22 21:08:15.038,1,,False,,False,False,,
293,0 days 00:54:03.968000,COL,43,0 days 00:01:29.666000,10.0,3.0,,,23.264,26.559,39.843,0 days 00:52:57.566000,0 days 00:53:24.125000,0 days 00:54:03.968000,228.0,241.0,280.0,102.0,True,MEDIUM,2.0,True,Alpine,0 days 00:52:34.302000,2026-05-22 21:09:47.064,1,,False,,False,True,89.666,89.666
294,0 days 00:55:19.280000,COL,43,0 days 00:01:15.312000,11.0,3.0,,,21.587,23.956,29.769,0 days 00:54:25.555000,0 days 00:54:49.511000,0 days 00:55:19.280000,242.0,285.0,274.0,313.0,True,MEDIUM,3.0,True,Alpine,0 days 00:54:03.968000,2026-05-22 21:11:16.730,1,,False,,False,True,75.312,75.312
295,0 days 00:56:52.332000,COL,43,0 days 00:01:33.052000,12.0,3.0,,,28.897,28.763,35.392,0 days 00:55:48.177000,0 days 00:56:16.940000,0 days 00:56:52.332000,171.0,241.0,284.0,249.0,False,MEDIUM,4.0,True,Alpine,0 days 00:55:19.280000,2026-05-22 21:12:32.042,1,,False,,False,True,93.052,93.052
296,0 days 00:58:07.272000,COL,43,0 days 00:01:14.940000,13.0,3.0,,,21.335,23.824,29.781,0 days 00:57:13.667000,0 days 00:57:37.491000,0 days 00:58:07.272000,241.0,285.0,274.0,314.0,True,MEDIUM,5.0,True,Alpine,0 days 00:56:52.332000,2026-05-22 21:14:05.094,1,,False,,False,True,74.94,74.94
297,0 days 00:59:43.357000,COL,43,0 days 00:01:36.085000,14.0,3.0,,,28.704,31.914,35.467,0 days 00:58:35.976000,0 days 00:59:07.890000,0 days 00:59:43.357000,161.0,240.0,287.0,248.0,False,MEDIUM,6.0,True,Alpine,0 days 00:58:07.272000,2026-05-22 21:15:20.034,1,,False,,False,True,96.085,96.085
298,0 days 01:00:58.059000,COL,43,0 days 00:01:14.702000,15.0,3.0,,,21.239,23.751,29.712,0 days 01:00:04.596000,0 days 01:00:28.347000,0 days 01:00:58.059000,241.0,284.0,271.0,313.0,True,MEDIUM,7.0,True,Alpine,0 days 00:59:43.357000,2026-05-22 21:16:56.119,1,,False,,False,True,74.702,74.702
299,0 days 01:02:33.044000,COL,43,,16.0,3.0,,0 days 01:02:33.044000,27.517,29.889,,0 days 01:01:25.702000,0 days 01:01:55.640000,,194.0,187.0,,175.0,False,MEDIUM,8.0,True,Alpine,0 days 01:00:58.059000,2026-05-22 21:18:10.821,1,,False,,False,False,,
