Season,GP,Qualifying_Date
2018,Abu Dhabi GP,2018-11-24
2018,Australian GP,2018-03-24
2018,Austrian GP,2018-06-30
2018,Azerbaijan GP,2018-04-28
2018,Bahrain GP,2018-04-07
2018,Belgian GP,2018-08-25
2018,Brazilian GP,2018-11-10
2018,British GP,2018-07-07
2018,Canadian GP,2018-06-09
2018,Chinese GP,2018-04-14
2018,French GP,2018-06-23
2018,German GP,2018-07-21
2018,Hungarian GP,2018-07-28
2018,Italian GP,2018-09-01
2018,Japanese GP,2018-10-06
2018,Mexican GP,2018-10-27
2018,Monaco GP,2018-05-26
2018,Russian GP,2018-09-29
2018,Singapore GP,2018-09-15
2018,Spanish GP,2018-05-12
2018,United States GP,2018-10-20
2019,Abu Dhabi GP,2019-11-30
2019,Australian GP,2019-03-16
2019,Austrian GP,2019-06-29
2019,Azerbaijan GP,2019-04-27
2019,Bahrain GP,2019-03-30
2019,Belgian GP,2019-08-31
2019,Brazilian GP,2019-11-16
2019,British GP,2019-07-13
2019,Canadian GP,2019-06-08
2019,Chinese GP,2019-04-13
2019,French GP,2019-06-22
2019,German GP,2019-07-27
2019,Hungarian GP,2019-08-03
2019,Italian GP,2019-09-07
2019,Japanese GP,2019-10-13
2019,Mexican GP,2019-10-26
2019,Monaco GP,2019-05-25
2019,Russian GP,2019-09-28
2019,Singapore GP,2019-09-21
2019,Spanish GP,2019-05-11
2019,United States GP,2019-11-02
2020,70th Anniversary GP,2020-08-08
2020,Abu Dhabi GP,2020-12-12
2020,Austrian GP,2020-07-04
2020,Bahrain GP,2020-11-28
2020,Belgian GP,2020-08-29
2020,British GP,2020-08-01
2020,Emilia Romagna GP,2020-10-31
2020,Hungarian GP,2020-07-18
2020,Italian GP,2020-09-05
2020,Portuguese GP,2020-10-24
2020,Russian GP,2020-09-26
2020,Sakhir GP,2020-12-05
2020,Spanish GP,2020-08-15
2020,Styrian GP,2020-07-11
2020,Turkish GP,2020-11-14
2020,Tuscan GP,2020-09-12
2021,Abu Dhabi GP,2021-12-11
2021,Austrian GP,2021-07-03
2021,Azerbaijan GP,2021-06-05
2021,Bahrain GP,2021-03-27
2021,Belgian GP,2021-08-28
2021,Brazilian GP,2021-11-12
2021,British GP,2021-07-16
2021,Dutch GP,2021-09-04
2021,Emilia Romagna GP,2021-04-17
2021,French GP,2021-06-19
2021,Hungarian GP,2021-07-31
2021,Italian GP,2021-09-10
2021,Mexican GP,2021-11-06
2021,Monaco GP,2021-05-22
2021,Portuguese GP,2021-05-01
2021,Qatar GP,2021-11-20
2021,Russian GP,2021-09-25
2021,Saudi Arabian GP,2021-12-04
2021,Spanish GP,2021-05-08
2021,Styrian GP,2021-06-26
2021,Turkish GP,2021-10-09
2021,United States GP,2021-10-23
2022,Abu Dhabi GP,2022-11-19
2022,Australian GP,2022-04-09
2022,Austrian GP,2022-07-08
2022,Azerbaijan GP,2022-06-11
2022,Bahrain GP,2022-03-19
2022,Belgian GP,2022-08-27
2022,Brazilian GP,2022-11-11
2022,British GP,2022-07-02
2022,Canadian GP,2022-06-18
2022,Dutch GP,2022-09-03
2022,Emilia Romagna GP,2022-04-22
2022,French GP,2022-07-23
2022,Hungarian GP,2022-07-30
2022,Italian GP,2022-09-10
2022,Japanese GP,2022-10-08
2022,Mexican GP,2022-10-29
2022,Miami GP,2022-05-07
2022,Monaco GP,2022-05-28
2022,Saudi Arabian GP,2022-03-26
2022,Singapore GP,2022-10-01
2022,Spanish GP,2022-05-21
2022,United States GP,2022-10-22
2023,Abu Dhabi GP,2023-11-25
2023,Australian GP,2023-04-01
2023,Austrian GP,2023-06-30
2023,Azerbaijan GP,2023-04-28
2023,Bahrain GP,2023-03-04
2023,Belgian GP,2023-07-28
2023,Brazilian GP,2023-11-03
2023,British GP,2023-07-08
2023,Canadian GP,2023-06-17
2023,Dutch GP,2023-08-26
2023,Hungarian GP,2023-07-22
2023,Italian GP,2023-09-02
2023,Japanese GP,2023-09-23
2023,Las Vegas GP,2023-11-17
2023,Mexican GP,2023-10-28
2023,Miami GP,2023-05-06
2023,Monaco GP,2023-05-27
2023,Qatar GP,2023-10-06
2023,Saudi Arabian GP,2023-03-18
2023,Singapore GP,2023-09-16
2023,Spanish GP,2023-06-03
2023,United States GP,2023-10-20
2024,Abu Dhabi GP,2024-12-07
2024,Australian GP,2024-03-23
2024,Austrian GP,2024-06-29
2024,Azerbaijan GP,2024-09-14
2024,Bahrain GP,2024-03-01
2024,Belgian GP,2024-07-27
2024,Brazilian GP,2024-11-03
2024,British GP,2024-07-06
2024,Canadian GP,2024-06-08
2024,Chinese GP,2024-04-20
2024,Dutch GP,2024-08-24
2024,Emilia Romagna GP,2024-05-18
2024,Hungarian GP,2024-07-20
2024,Italian GP,2024-08-31
2024,Japanese GP,2024-04-06
2024,Las Vegas GP,2024-11-22
2024,Mexican GP,2024-10-26
2024,Miami GP,2024-05-04
2024,Monaco GP,2024-05-25
2024,Qatar GP,2024-11-30
2024,Saudi Arabian GP,2024-03-08
2024,Singapore GP,2024-09-21
2024,Spanish GP,2024-06-22
2024,United States GP,2024-10-19
2025,Abu Dhabi GP,2025-12-06
2025,Australian GP,2025-03-15
2025,Austrian GP,2025-06-28
2025,Azerbaijan GP,2025-09-20
2025,Bahrain GP,2025-04-12
2025,Belgian GP,2025-07-26
2025,Brazilian GP,2025-11-08
2025,British GP,2025-07-05
2025,Canadian GP,2025-06-14
2025,Chinese GP,2025-03-22
2025,Dutch GP,2025-08-30
2025,Emilia Romagna GP,2025-05-17
2025,Hungarian GP,2025-08-02
2025,Italian GP,2025-09-06
2025,Japanese GP,2025-04-05
2025,Las Vegas GP,2025-11-21
2025,Mexican GP,2025-10-25
2025,Miami GP,2025-05-03
2025,Monaco GP,2025-05-24
2025,Qatar GP,2025-11-29
2025,Saudi Arabian GP,2025-04-19
2025,Singapore GP,2025-10-04
2025,Spanish GP,2025-05-31
2025,United States GP,2025-10-18
2026,Abu Dhabi GP,2026-12-05
2026,Australian GP,2026-03-07
2026,Austrian GP,2026-06-27
2026,Azerbaijan GP,2026-09-25
2026,Bahrain GP,2026-10-03
2026,Belgian GP,2026-07-18
2026,Brazilian GP,2026-11-07
2026,British GP,2026-07-04
2026,Canadian GP,2026-05-23
2026,Chinese GP,2026-03-14
2026,Dutch GP,2026-08-22
2026,Hungarian GP,2026-07-25
2026,Italian GP,2026-09-05
2026,Japanese GP,2026-03-28
2026,Las Vegas GP,2026-11-20
2026,Madrid GP,2026-09-12
2026,Mexican GP,2026-10-31
2026,Miami GP,2026-05-02
2026,Monaco GP,2026-06-06
2026,Qatar GP,2026-11-28
2026,Singapore GP,2026-10-10
2026,Spanish GP,2026-06-13
2026,United States GP,2026-10-24
